Maintenance_ID,Equipment_ID,Maintenance_Date,Type,Cost
MNT-300001,EQ-1037,2023-11-23,Brake Check,2971.22
MNT-300002,EQ-1027,2023-10-15,Routine Service,1981.97
MNT-300003,EQ-1080,2023-03-11,Hydraulic Repair,2875.04
MNT-300004,EQ-1130,2023-05-10,Filter Change,1178.47
MNT-300005,EQ-1039,2023-07-26,Brake Check,2711.62
MNT-300006,EQ-1138,2024-02-21,Filter Change,1631.78
MNT-300007,EQ-1072,2023-03-24,Routine Service,280.46
MNT-300008,EQ-1030,2023-07-20,Engine Overhaul,468.18
MNT-300009,EQ-1027,2024-04-29,Routine Service,1085.0
MNT-300010,EQ-1127,2023-10-06,Filter Change,1718.6
MNT-300011,EQ-1130,2023-01-26,Routine Service,1673.99
MNT-300012,EQ-1000,2023-03-07,Oil Change,1742.31
MNT-300013,EQ-1014,2023-11-18,Brake Check,523.74
MNT-300014,EQ-1033,2023-10-24,Routine Service,2924.06
MNT-300015,EQ-1115,2023-09-03,Hydraulic Repair,1785.62
MNT-300016,EQ-1125,2024-03-20,Oil Change,1468.19
MNT-300017,EQ-1013,2023-07-27,Oil Change,3430.69
MNT-300018,EQ-1134,2023-10-04,Filter Change,1160.98
MNT-300019,EQ-1034,2023-05-27,Oil Change,2638.72
MNT-300020,EQ-1130,2023-07-26,Oil Change,1537.75
MNT-300021,EQ-1074,2023-06-11,Hydraulic Repair,703.53
MNT-300022,EQ-1106,2023-08-04,Hydraulic Repair,907.22
MNT-300023,EQ-1027,2023-06-25,Oil Change,412.21
MNT-300024,EQ-1119,2024-02-29,Engine Overhaul,401.32
MNT-300025,EQ-1038,2023-07-14,Routine Service,1859.21
MNT-300026,EQ-1006,2024-03-09,Engine Overhaul,3378.01
MNT-300027,EQ-1134,2023-12-12,Brake Check,1771.4
MNT-300028,EQ-1124,2023-02-02,Unknown,1380.32
MNT-300029,EQ-1141,2023-04-04,Brake Check,700.37
MNT-300030,EQ-1077,2023-04-04,Tire Replacement,3074.25
MNT-300031,EQ-1121,2023-01-06,Oil Change,379.1
MNT-300032,EQ-1053,2023-07-21,Filter Change,1916.16
MNT-300033,EQ-1103,2023-03-02,Routine Service,973.83
MNT-300034,EQ-1140,2023-05-20,Brake Check,979.54
MNT-300035,EQ-1105,2023-02-28,Filter Change,497.13
MNT-300036,EQ-1043,2023-02-05,Hydraulic Repair,1705.5
MNT-300037,EQ-1116,2023-11-19,Brake Check,212.48
MNT-300038,EQ-1107,2023-02-18,Brake Check,2782.02
MNT-300039,EQ-1111,2023-10-11,Engine Overhaul,2370.27
MNT-300040,EQ-1120,2024-02-03,Filter Change,133.32
MNT-300041,EQ-1049,2023-04-29,Oil Change,1184.72
MNT-300042,EQ-1132,2023-11-19,Oil Change,900.97
MNT-300043,EQ-1142,2023-04-20,Brake Check,1430.35
MNT-300044,EQ-1115,2023-05-28,Routine Service,3396.67
MNT-300045,EQ-1133,2024-03-11,Oil Change,446.55
MNT-300046,EQ-1109,2024-01-21,Filter Change,1706.4
MNT-300047,EQ-1082,2024-04-11,Filter Change,1087.0
MNT-300048,EQ-1068,2024-02-10,Tire Replacement,1372.55
MNT-300049,EQ-1148,2023-04-18,Filter Change,1721.33
MNT-300050,EQ-1114,2024-04-18,Filter Change,753.69
MNT-300051,EQ-1069,2023-10-30,Oil Change,1798.78
MNT-300052,EQ-1069,2024-01-15,Engine Overhaul,3291.65
MNT-300053,EQ-1039,2023-09-19,Oil Change,1653.92
MNT-300054,EQ-1018,2023-06-02,Routine Service,2424.37
MNT-300055,EQ-1096,2024-04-17,Tire Replacement,1942.28
MNT-300056,EQ-1121,2023-05-01,Tire Replacement,1885.0
MNT-300057,EQ-1115,2024-01-18,Oil Change,648.5
MNT-300058,EQ-1029,2023-07-19,Engine Overhaul,2455.11
MNT-300059,EQ-1023,2023-02-26,Routine Service,2730.16
MNT-300060,EQ-1083,2023-05-10,Brake Check,384.93
MNT-300061,EQ-1020,2023-11-30,Filter Change,2060.25
MNT-300062,EQ-1079,2024-02-07,Engine Overhaul,464.78
MNT-300063,EQ-1121,2024-05-10,Tire Replacement,1588.55
MNT-300064,EQ-1107,2024-04-09,Routine Service,1688.42
MNT-300065,EQ-1096,2023-11-15,Brake Check,3286.48
MNT-300066,EQ-1050,2023-08-28,Routine Service,903.12
MNT-300067,EQ-1058,2023-11-05,Tire Replacement,2780.78
MNT-300068,EQ-1104,2024-01-12,Routine Service,2277.54
MNT-300069,EQ-1055,2023-07-28,Engine Overhaul,2524.37
MNT-300070,EQ-1146,2023-01-29,Brake Check,353.77
MNT-300071,EQ-1010,2024-02-05,Hydraulic Repair,734.84
MNT-300072,EQ-1081,2023-10-02,Oil Change,1798.78
MNT-300073,EQ-1106,2024-02-19,Brake Check,2604.76
MNT-300074,EQ-1112,2023-05-07,Oil Change,152.32
MNT-300075,EQ-1124,2023-10-25,Oil Change,3022.02
MNT-300076,EQ-1120,2024-02-08,Tire Replacement,1398.8
MNT-300077,EQ-1066,2024-03-04,Brake Check,2800.87
MNT-300078,EQ-1147,2023-04-29,Tire Replacement,1395.58
MNT-300079,EQ-1081,2023-06-07,Routine Service,1798.78
MNT-300080,EQ-1003,2023-12-07,Hydraulic Repair,1334.49
MNT-300081,EQ-1017,2023-12-29,Brake Check,3122.97
MNT-300082,EQ-1086,2023-10-17,Brake Check,1710.16
MNT-300083,EQ-1032,2024-02-27,Oil Change,515.29
MNT-300084,EQ-1039,2023-10-07,Oil Change,910.07
MNT-300085,EQ-1120,2023-01-12,Oil Change,3049.32
MNT-300086,EQ-1106,2023-09-20,Oil Change,2130.16
MNT-300087,EQ-1097,2023-11-26,Engine Overhaul,1391.3
MNT-300088,EQ-1059,2023-05-01,Hydraulic Repair,2876.32
MNT-300089,EQ-1096,2024-05-06,Tire Replacement,453.88
MNT-300090,EQ-1030,2023-08-23,Filter Change,499.29
MNT-300091,EQ-1083,2023-09-04,Routine Service,2763.89
MNT-300092,EQ-1045,2023-06-07,Routine Service,3009.25
MNT-300093,EQ-1131,2023-02-25,Routine Service,1293.17
MNT-300094,EQ-1044,2023-01-18,Routine Service,2158.86
MNT-300095,EQ-1063,2023-11-09,Filter Change,287.44
MNT-300096,EQ-1124,2023-10-08,Oil Change,2685.34
MNT-300097,EQ-1086,2024-01-29,Hydraulic Repair,1756.2
MNT-300098,EQ-1046,2024-04-26,Tire Replacement,1650.32
MNT-300099,EQ-1018,2023-02-27,Tire Replacement,1254.27
MNT-300100,EQ-1115,2023-10-30,Tire Replacement,928.27
MNT-300101,EQ-1015,2023-03-12,Routine Service,856.01
MNT-300102,EQ-1041,2023-10-14,Tire Replacement,2236.3
MNT-300103,EQ-1082,2024-01-24,Engine Overhaul,585.03
MNT-300104,EQ-1104,2023-09-08,Brake Check,1798.78
MNT-300105,EQ-1073,2023-01-04,Engine Overhaul,443.27
MNT-300106,EQ-1072,2023-02-05,Oil Change,2540.59
MNT-300107,EQ-1057,2023-08-03,Hydraulic Repair,3438.06
MNT-300108,EQ-1067,2023-01-21,Filter Change,370.47
MNT-300109,EQ-1051,2023-01-19,General Maintenance,2022.25
MNT-300110,EQ-1052,2023-04-06,Tire Replacement,679.57
MNT-300111,EQ-1056,2024-02-24,Hydraulic Repair,3456.74
MNT-300112,EQ-1148,2023-08-01,Brake Check,1971.77
MNT-300113,EQ-1119,2024-02-01,Tire Replacement,1076.44
MNT-300114,EQ-1033,2023-11-29,Engine Overhaul,3159.51
MNT-300115,EQ-1039,2023-12-08,Hydraulic Repair,1798.78
MNT-300116,EQ-1043,2023-06-04,Filter Change,2763.81
MNT-300117,EQ-1078,2024-04-15,Tire Replacement,1732.09
MNT-300118,EQ-1145,2023-03-09,Routine Service,1304.74
MNT-300119,EQ-1018,2023-04-28,Engine Overhaul,2515.6
MNT-300120,EQ-1148,2023-08-20,Tire Replacement,2937.87
MNT-300121,EQ-1004,2023-10-14,Brake Check,440.42
MNT-300122,EQ-1131,2023-08-03,Hydraulic Repair,2760.85
MNT-300123,EQ-1055,2023-08-11,Tire Replacement,2646.82
MNT-300124,EQ-1084,2024-02-19,Routine Service,800.19
MNT-300125,EQ-1081,2023-03-25,Oil Change,3205.04
MNT-300126,EQ-1030,2024-03-01,Hydraulic Repair,402.72
MNT-300127,EQ-1136,2024-03-10,Tire Replacement,872.28
MNT-300128,EQ-1018,2023-04-19,Engine Overhaul,2343.88
MNT-300129,EQ-1073,2023-10-22,Filter Change,2390.39
MNT-300130,EQ-1034,2024-01-17,Engine Overhaul,2833.18
MNT-300131,EQ-1011,2024-04-10,Hydraulic Repair,2839.5
MNT-300132,EQ-1142,2024-04-15,Brake Check,3438.63
MNT-300133,EQ-1001,2023-05-08,Filter Change,340.28
MNT-300134,EQ-1070,2024-03-05,Unknown,1798.78
MNT-300135,EQ-1119,2024-01-21,Hydraulic Repair,475.88
MNT-300136,EQ-1142,2023-01-11,Routine Service,2965.37
MNT-300137,EQ-1128,2023-10-29,Oil Change,600.09
MNT-300138,EQ-1147,2024-02-19,Routine Service,2862.8
MNT-300139,EQ-1064,2024-04-22,Tire Replacement,170.98
MNT-300140,EQ-1106,2024-02-04,Oil Change,368.82
MNT-300141,EQ-1004,2023-11-06,Hydraulic Repair,3192.58
MNT-300142,EQ-1098,2023-09-27,Routine Service,959.17
MNT-300143,EQ-1019,2023-06-23,Engine Overhaul,2967.82
MNT-300144,EQ-1066,2023-10-27,Engine Overhaul,1858.84
MNT-300145,EQ-1039,2024-02-03,Oil Change,2989.58
MNT-300146,EQ-1062,2023-05-22,Hydraulic Repair,668.4
MNT-300147,EQ-1109,2023-03-27,Filter Change,3144.75
MNT-300148,EQ-1059,2023-10-20,Oil Change,665.73
MNT-300149,EQ-1113,2024-03-14,Engine Overhaul,1798.78
MNT-300150,EQ-1034,2023-12-12,Routine Service,1075.19
MNT-300151,EQ-1010,2023-01-07,Engine Overhaul,1307.15
MNT-300152,EQ-1073,2023-01-05,Oil Change,2626.25
MNT-300153,EQ-1097,2023-12-09,Hydraulic Repair,319.62
MNT-300154,EQ-1037,2023-09-05,Brake Check,846.65
MNT-300155,EQ-1147,2023-02-27,Engine Overhaul,1203.25
MNT-300156,EQ-1085,2023-08-11,Routine Service,766.95
MNT-300157,EQ-1007,2023-02-07,Oil Change,843.72
MNT-300158,EQ-1143,2023-04-04,Routine Service,2086.55
MNT-300159,EQ-1035,2024-05-06,Engine Overhaul,784.63
MNT-300160,EQ-1069,2024-05-08,Hydraulic Repair,179.4
MNT-300161,EQ-1011,2023-07-13,Oil Change,3268.72
MNT-300162,EQ-1073,2024-01-31,Routine Service,3373.44
MNT-300163,EQ-1077,2023-06-09,Oil Change,1674.46
MNT-300164,EQ-1124,2023-12-06,Brake Check,271.06
MNT-300165,EQ-1035,2023-09-27,Filter Change,3452.99
MNT-300166,EQ-1032,2024-04-11,Filter Change,1215.04
MNT-300167,EQ-1010,2023-09-01,Brake Check,2880.47
MNT-300168,EQ-1131,2023-03-14,Routine Service,1758.76
MNT-300169,EQ-1148,2023-12-17,Routine Service,134.51
MNT-300170,EQ-1000,2024-03-28,Hydraulic Repair,3171.12
MNT-300171,EQ-1123,2023-08-31,Engine Overhaul,2559.05
MNT-300172,EQ-1065,2024-04-07,Hydraulic Repair,556.77
MNT-300173,EQ-1039,2024-03-03,Filter Change,1482.59
MNT-300174,EQ-1133,2023-11-07,Brake Check,2016.79
MNT-300175,EQ-1149,2024-02-19,Filter Change,2958.88
MNT-300176,EQ-1128,2024-03-21,Tire Replacement,3117.1
MNT-300177,EQ-1092,2023-08-31,Filter Change,778.6
MNT-300178,EQ-1021,2023-06-11,Brake Check,1324.55
MNT-300179,EQ-1117,2023-10-31,Routine Service,1184.52
MNT-300180,EQ-1030,2023-01-13,Unknown,1662.14
MNT-300181,EQ-1016,2023-04-02,Oil Change,1720.94
MNT-300182,EQ-1145,2023-12-23,Tire Replacement,2493.56
MNT-300183,EQ-1037,2024-02-15,Oil Change,3417.01
MNT-300184,EQ-1126,2024-03-12,Routine Service,1876.26
MNT-300185,EQ-1147,2024-03-15,Routine Service,2561.93
MNT-300186,EQ-1060,2024-02-13,Filter Change,2362.33
MNT-300187,EQ-1026,2024-02-07,Filter Change,879.99
MNT-300188,EQ-1045,2024-04-27,Engine Overhaul,1466.18
MNT-300189,EQ-1009,2023-02-16,Oil Change,1437.29
MNT-300190,EQ-1135,2023-09-24,Engine Overhaul,3206.76
MNT-300191,EQ-1147,2024-02-27,Engine Overhaul,808.13
MNT-300192,EQ-1141,2023-04-07,Brake Check,227.89
MNT-300193,EQ-1107,2023-02-10,Oil Change,1478.73
MNT-300194,EQ-1123,2023-03-15,Oil Change,178.7
MNT-300195,EQ-1053,2023-12-05,Filter Change,1090.29
MNT-300196,EQ-1113,2023-02-10,Hydraulic Repair,2292.62
MNT-300197,EQ-1012,2023-11-15,Engine Overhaul,234.93
MNT-300198,EQ-1133,2023-04-19,Hydraulic Repair,3193.07
MNT-300199,EQ-1049,2024-05-14,Tire Replacement,3035.6
MNT-300200,EQ-1122,2024-02-13,Oil Change,1904.57
MNT-300201,EQ-1092,2024-03-20,Brake Check,2396.2
MNT-300202,EQ-1095,2024-05-14,Routine Service,1839.52
MNT-300203,EQ-1066,2024-04-18,Tire Replacement,2055.45
MNT-300204,EQ-1029,2023-07-06,Hydraulic Repair,936.71
MNT-300205,EQ-1104,2023-02-15,Tire Replacement,1798.78
MNT-300206,EQ-1077,2024-04-15,Oil Change,762.04
MNT-300207,EQ-1091,2023-04-24,Oil Change,2561.12
MNT-300208,EQ-1050,2023-11-02,Routine Service,3441.06
MNT-300209,EQ-1083,2024-02-22,Routine Service,2509.19
MNT-300210,EQ-1075,2024-03-11,Tire Replacement,583.27
MNT-300211,EQ-1092,2023-10-18,Engine Overhaul,1509.58
MNT-300212,EQ-1012,2023-08-17,Filter Change,245.17
MNT-300213,EQ-1005,2024-04-24,Filter Change,890.85
MNT-300214,EQ-1001,2023-04-25,Engine Overhaul,642.4
MNT-300215,EQ-1090,2023-12-30,Engine Overhaul,2550.56
MNT-300216,EQ-1066,2023-06-13,Hydraulic Repair,1238.9
MNT-300217,EQ-1009,2024-02-09,Hydraulic Repair,3099.69
MNT-300218,EQ-1044,2023-02-11,Engine Overhaul,662.0
MNT-300219,EQ-1080,2023-10-26,Engine Overhaul,3363.42
MNT-300220,EQ-1124,2023-03-15,Tire Replacement,840.44
MNT-300221,EQ-1109,2024-01-06,Brake Check,1798.78
MNT-300222,EQ-1097,2023-12-24,Hydraulic Repair,2073.74
MNT-300223,EQ-1020,2023-01-03,Routine Service,204.89
MNT-300224,EQ-1117,2023-02-05,Routine Service,1904.75
MNT-300225,EQ-1019,2023-07-31,Filter Change,2450.47
MNT-300226,EQ-1087,2023-10-22,Tire Replacement,2345.91
MNT-300227,EQ-1093,2023-11-26,Brake Check,310.69
MNT-300228,EQ-1043,2023-10-13,Oil Change,612.78
MNT-300229,EQ-1070,2023-11-24,Routine Service,1185.42
MNT-300230,EQ-1043,2024-01-02,Tire Replacement,279.61
MNT-300231,EQ-1106,2023-05-15,Hydraulic Repair,2227.76
MNT-300232,EQ-1114,2023-12-03,Tire Replacement,3177.32
MNT-300233,EQ-1047,2023-05-18,Tire Replacement,2439.41
MNT-300234,EQ-1043,2024-05-01,Tire Replacement,2710.33
MNT-300235,EQ-1144,2023-10-23,Routine Service,2515.49
MNT-300236,EQ-1096,2023-10-19,Engine Overhaul,215.38
MNT-300237,EQ-1079,2023-08-17,Filter Change,1078.69
MNT-300238,EQ-1069,2023-06-07,Tire Replacement,1936.43
MNT-300239,EQ-1131,2024-04-01,Oil Change,2895.45
MNT-300240,EQ-1096,2023-07-22,Brake Check,323.02
MNT-300241,EQ-1137,2023-04-04,Engine Overhaul,3032.53
MNT-300242,EQ-1028,2023-05-03,Brake Check,1798.78
MNT-300243,EQ-1109,2023-01-10,Engine Overhaul,878.1
MNT-300244,EQ-1105,2023-07-02,Routine Service,1035.19
MNT-300245,EQ-1015,2023-06-01,Routine Service,810.16
MNT-300246,EQ-1024,2024-03-30,Routine Service,2197.53
MNT-300247,EQ-1029,2023-04-13,Hydraulic Repair,2219.68
MNT-300248,EQ-1133,2023-07-13,Oil Change,204.15
MNT-300249,EQ-1038,2023-01-23,Filter Change,1474.51
MNT-300250,EQ-1076,2023-09-10,Hydraulic Repair,2475.84
MNT-300251,EQ-1068,2023-05-08,Routine Service,540.13
MNT-300252,EQ-1077,2023-03-02,Brake Check,2862.82
MNT-300253,EQ-1031,2023-09-16,Routine Service,2302.27
MNT-300254,EQ-1010,2023-11-14,Engine Overhaul,321.95
MNT-300255,EQ-1104,2024-03-18,Oil Change,3044.53
MNT-300256,EQ-1044,2024-03-17,Routine Service,3113.21
MNT-300257,EQ-1133,2024-03-05,Brake Check,1798.78
MNT-300258,EQ-1127,2023-05-31,Tire Replacement,3119.62
MNT-300259,EQ-1104,2023-03-13,Filter Change,1189.22
MNT-300260,EQ-1034,2023-09-19,Oil Change,187.4
MNT-300261,EQ-1145,2023-02-27,Engine Overhaul,1727.04
MNT-300262,EQ-1005,2024-03-17,Engine Overhaul,2013.19
MNT-300263,EQ-1105,2024-02-14,Filter Change,1798.78
MNT-300264,EQ-1054,2024-04-08,Oil Change,2616.99
MNT-300265,EQ-1035,2023-11-11,Hydraulic Repair,902.51
MNT-300266,EQ-1028,2023-09-22,Oil Change,932.06
MNT-300267,EQ-1002,2023-11-11,Tire Replacement,1798.78
MNT-300268,EQ-1075,2024-04-25,Filter Change,1793.0
MNT-300269,EQ-1059,2024-05-05,Tire Replacement,1248.74
MNT-300270,EQ-1060,2024-03-16,Oil Change,1294.58
MNT-300271,EQ-1065,2023-11-23,Unknown,2324.8
MNT-300272,EQ-1062,2024-04-10,Engine Overhaul,2409.86
MNT-300273,EQ-1063,2023-04-11,Oil Change,1436.98
MNT-300274,EQ-1134,2024-01-31,Oil Change,2586.53
MNT-300275,EQ-1005,2023-03-24,Oil Change,404.04
MNT-300276,EQ-1045,2023-08-31,Routine Service,1438.43
MNT-300277,EQ-1064,2024-01-21,Oil Change,3391.76
MNT-300278,EQ-1123,2024-02-10,Hydraulic Repair,680.23
MNT-300279,EQ-1128,2023-07-02,Routine Service,2706.53
MNT-300280,EQ-1013,2024-01-14,Tire Replacement,1531.65
MNT-300281,EQ-1101,2024-05-01,Filter Change,3251.9
MNT-300282,EQ-1127,2023-01-07,Brake Check,1189.66
MNT-300283,EQ-1078,2023-07-02,Oil Change,1027.9
MNT-300284,EQ-1022,2024-03-04,Engine Overhaul,1929.54
MNT-300285,EQ-1019,2024-05-12,Routine Service,524.84
MNT-300286,EQ-1142,2023-03-29,Oil Change,318.59
MNT-300287,EQ-1008,2023-02-13,Routine Service,2062.2
MNT-300288,EQ-1088,2023-01-18,Brake Check,680.27
MNT-300289,EQ-1138,2023-02-22,Oil Change,2545.13
MNT-300290,EQ-1008,2023-11-29,Routine Service,1798.78
MNT-300291,EQ-1101,2023-12-25,Oil Change,2068.49
MNT-300292,EQ-1036,2023-07-24,Brake Check,1182.64
MNT-300293,EQ-1095,2024-03-05,Oil Change,1994.5
MNT-300294,EQ-1080,2024-04-23,Oil Change,1796.02
MNT-300295,EQ-1038,2023-01-25,Routine Service,1403.77
MNT-300296,EQ-1005,2023-03-13,Oil Change,1583.62
MNT-300297,EQ-1117,2024-03-25,Brake Check,701.0
MNT-300298,EQ-1033,2023-10-24,Hydraulic Repair,1617.78
MNT-300299,EQ-1088,2024-03-02,Filter Change,3009.33
MNT-300300,EQ-1059,2023-02-23,Tire Replacement,1402.01
MNT-300301,EQ-1097,2023-08-16,Routine Service,2849.79
MNT-300302,EQ-1051,2023-06-21,Tire Replacement,3405.64
MNT-300303,EQ-1143,2023-07-23,Tire Replacement,1923.67
MNT-300304,EQ-1149,2023-04-13,Brake Check,2897.02
MNT-300305,EQ-1087,2023-11-07,Brake Check,545.79
MNT-300306,EQ-1090,2024-05-09,Routine Service,2755.81
MNT-300307,EQ-1133,2024-01-15,Filter Change,1798.78
MNT-300308,EQ-1052,2024-03-13,Oil Change,1684.14
MNT-300309,EQ-1141,2023-06-22,Brake Check,2090.23
MNT-300310,EQ-1088,2023-05-07,Oil Change,728.04
MNT-300311,EQ-1055,2024-03-26,Filter Change,715.6
MNT-300312,EQ-1139,2023-06-15,General Maintenance,629.42
MNT-300313,EQ-1001,2023-07-23,Filter Change,1145.89
MNT-300314,EQ-1087,2023-07-09,Engine Overhaul,142.16
MNT-300315,EQ-1104,2023-01-01,Hydraulic Repair,1043.92
MNT-300316,EQ-1122,2023-09-18,Brake Check,3164.44
MNT-300317,EQ-1059,2023-09-03,Engine Overhaul,2505.87
MNT-300318,EQ-1092,2023-09-08,Filter Change,1575.08
MNT-300319,EQ-1038,2023-11-16,Engine Overhaul,2202.62
MNT-300320,EQ-1148,2023-12-02,Tire Replacement,1702.94
MNT-300321,EQ-1127,2023-12-20,Oil Change,427.16
MNT-300322,EQ-1134,2023-08-05,Brake Check,2021.35
MNT-300323,EQ-1100,2023-03-02,Oil Change,2334.69
MNT-300324,EQ-1110,2023-01-08,Routine Service,3324.56
MNT-300325,EQ-1093,2024-01-13,Filter Change,3496.44
MNT-300326,EQ-1027,2023-01-01,General Maintenance,1798.78
MNT-300327,EQ-1114,2023-11-18,Engine Overhaul,2432.14
MNT-300328,EQ-1093,2023-04-24,General Maintenance,1054.67
MNT-300329,EQ-1092,2023-03-21,Filter Change,2617.38
MNT-300330,EQ-1036,2023-10-03,Engine Overhaul,2170.9
MNT-300331,EQ-1075,2023-05-04,Tire Replacement,2665.97
MNT-300332,EQ-1014,2023-10-04,Filter Change,2720.31
MNT-300333,EQ-1116,2024-05-13,Engine Overhaul,160.57
MNT-300334,EQ-1041,2024-05-11,Brake Check,1593.9
MNT-300335,EQ-1087,2023-12-17,Hydraulic Repair,1875.19
MNT-300336,EQ-1065,2023-03-08,Hydraulic Repair,2959.58
MNT-300337,EQ-1137,2023-10-01,Engine Overhaul,3251.88
MNT-300338,EQ-1041,2024-01-20,Oil Change,2745.84
MNT-300339,EQ-1109,2023-06-28,Engine Overhaul,1166.34
MNT-300340,EQ-1137,2023-05-27,Routine Service,691.83
MNT-300341,EQ-1090,2023-02-22,Filter Change,2916.02
MNT-300342,EQ-1016,2023-11-05,Oil Change,614.74
MNT-300343,EQ-1003,2024-01-25,Oil Change,461.38
MNT-300344,EQ-1093,2023-12-18,Routine Service,363.39
MNT-300345,EQ-1128,2024-05-12,Brake Check,326.99
MNT-300346,EQ-1111,2023-05-07,Hydraulic Repair,1921.9
MNT-300347,EQ-1137,2023-12-22,Tire Replacement,1197.49
MNT-300348,EQ-1076,2024-01-30,Hydraulic Repair,106.42
MNT-300349,EQ-1145,2024-02-27,Brake Check,2750.9
MNT-300350,EQ-1099,2024-04-23,Hydraulic Repair,1798.78
MNT-300351,EQ-1047,2023-02-25,Hydraulic Repair,510.41
MNT-300352,EQ-1066,2023-04-13,Hydraulic Repair,3220.03
MNT-300353,EQ-1123,2023-03-23,Engine Overhaul,507.78
MNT-300354,EQ-1089,2023-10-11,Tire Replacement,522.42
MNT-300355,EQ-1046,2023-10-27,Routine Service,133.66
MNT-300356,EQ-1027,2023-01-29,Engine Overhaul,2081.47
MNT-300357,EQ-1010,2023-01-07,Filter Change,2080.62
MNT-300358,EQ-1114,2024-01-04,Oil Change,1993.25
MNT-300359,EQ-1078,2023-01-01,Tire Replacement,1798.78
MNT-300360,EQ-1000,2023-08-20,Filter Change,323.15
MNT-300361,EQ-1136,2024-04-24,Engine Overhaul,2122.72
MNT-300362,EQ-1012,2023-04-08,Routine Service,1953.97
MNT-300363,EQ-1128,2024-01-13,Routine Service,957.33
MNT-300364,EQ-1102,2023-12-10,Oil Change,2895.52
MNT-300365,EQ-1120,2023-05-29,Oil Change,2117.94
MNT-300366,EQ-1130,2023-04-24,Oil Change,1192.26
MNT-300367,EQ-1130,2023-03-24,Engine Overhaul,407.98
MNT-300368,EQ-1009,2023-02-05,Engine Overhaul,1405.4
MNT-300369,EQ-1131,2024-02-01,Hydraulic Repair,688.37
MNT-300370,EQ-1087,2023-08-04,Tire Replacement,752.84
MNT-300371,EQ-1025,2023-05-25,Oil Change,2094.05
MNT-300372,EQ-1142,2023-10-06,Oil Change,3395.03
MNT-300373,EQ-1018,2024-04-18,Filter Change,2256.25
MNT-300374,EQ-1074,2024-03-23,Filter Change,243.86
MNT-300375,EQ-1131,2023-09-27,Hydraulic Repair,1067.98
MNT-300376,EQ-1025,2024-02-21,Tire Replacement,298.69
MNT-300377,EQ-1120,2023-08-23,Tire Replacement,3465.07
MNT-300378,EQ-1100,2023-07-07,Hydraulic Repair,191.2
MNT-300379,EQ-1037,2023-04-12,Brake Check,383.35
MNT-300380,EQ-1008,2023-08-30,Filter Change,587.19
MNT-300381,EQ-1005,2023-06-12,Oil Change,2872.79
MNT-300382,EQ-1048,2023-08-15,Engine Overhaul,3130.4
MNT-300383,EQ-1125,2023-12-25,Engine Overhaul,2178.03
MNT-300384,EQ-1015,2024-01-03,Filter Change,1798.78
MNT-300385,EQ-1138,2024-03-20,Brake Check,2740.23
MNT-300386,EQ-1082,2023-11-09,Brake Check,2406.73
MNT-300387,EQ-1044,2023-09-21,Brake Check,2754.84
MNT-300388,EQ-1118,2023-08-11,Tire Replacement,2812.88
MNT-300389,EQ-1058,2024-05-11,Engine Overhaul,3385.06
MNT-300390,EQ-1134,2023-08-09,Oil Change,385.27
MNT-300391,EQ-1101,2023-03-02,Brake Check,1909.54
MNT-300392,EQ-1005,2023-06-22,Unknown,3105.02
MNT-300393,EQ-1003,2024-05-04,Tire Replacement,332.79
MNT-300394,EQ-1024,2023-12-24,Oil Change,1798.78
MNT-300395,EQ-1110,2023-08-20,Unknown,1680.4
MNT-300396,EQ-1008,2023-09-17,Engine Overhaul,1120.52
MNT-300397,EQ-1104,2024-02-09,Engine Overhaul,3399.49
MNT-300398,EQ-1011,2023-11-25,Hydraulic Repair,418.39
MNT-300399,EQ-1140,2024-03-04,Engine Overhaul,1947.31
MNT-300400,EQ-1055,2024-01-16,Tire Replacement,354.86
MNT-300401,EQ-1129,2024-02-06,Hydraulic Repair,324.57
MNT-300402,EQ-1032,2023-07-05,Routine Service,363.46
MNT-300403,EQ-1075,2024-03-14,Filter Change,705.12
MNT-300404,EQ-1116,2023-06-13,Hydraulic Repair,3178.75
MNT-300405,EQ-1028,2024-01-10,Routine Service,1406.2
MNT-300406,EQ-1000,2024-04-17,Hydraulic Repair,2417.51
MNT-300407,EQ-1106,2023-02-08,Routine Service,1845.01
MNT-300408,EQ-1093,2023-07-25,Routine Service,1798.78
MNT-300409,EQ-1051,2023-06-02,Routine Service,750.63
MNT-300410,EQ-1087,2023-04-18,Engine Overhaul,1717.65
MNT-300411,EQ-1033,2023-03-15,Oil Change,1803.4
MNT-300412,EQ-1021,2023-07-04,Filter Change,3450.23
MNT-300413,EQ-1144,2024-01-22,Engine Overhaul,2393.89
MNT-300414,EQ-1133,2023-12-01,Engine Overhaul,3052.05
MNT-300415,EQ-1037,2023-10-04,Engine Overhaul,1399.3
MNT-300416,EQ-1139,2023-03-10,Routine Service,2666.27
MNT-300417,EQ-1047,2023-11-10,Engine Overhaul,2414.12
MNT-300418,EQ-1131,2024-02-21,Routine Service,2816.56
MNT-300419,EQ-1071,2023-12-07,Filter Change,3407.71
MNT-300420,EQ-1024,2023-12-21,Brake Check,1885.18
MNT-300421,EQ-1043,2023-10-28,Oil Change,2916.03
MNT-300422,EQ-1011,2023-11-27,Oil Change,811.61
MNT-300423,EQ-1023,2023-03-20,Brake Check,2858.37
MNT-300424,EQ-1075,2023-04-09,Brake Check,2507.89
MNT-300425,EQ-1046,2023-03-31,Hydraulic Repair,2313.72
MNT-300426,EQ-1028,2024-02-23,Routine Service,2084.54
MNT-300427,EQ-1069,2024-01-10,Brake Check,2613.92
MNT-300428,EQ-1103,2023-11-18,Engine Overhaul,2702.41
MNT-300429,EQ-1054,2023-07-25,Oil Change,3301.22
MNT-300430,EQ-1118,2023-04-22,Routine Service,3464.09
MNT-300431,EQ-1073,2023-11-18,Hydraulic Repair,2773.53
MNT-300432,EQ-1073,2023-02-06,Brake Check,1798.78
MNT-300433,EQ-1077,2023-08-03,Oil Change,1493.68
MNT-300434,EQ-1125,2023-10-12,Routine Service,3398.62
MNT-300435,EQ-1083,2023-02-15,Filter Change,1798.78
MNT-300436,EQ-1048,2023-06-01,General Maintenance,428.27
MNT-300437,EQ-1146,2023-03-26,Engine Overhaul,2786.11
MNT-300438,EQ-1099,2023-02-26,Routine Service,2118.32
MNT-300439,EQ-1113,2023-07-28,Engine Overhaul,1903.82
MNT-300440,EQ-1128,2023-06-11,Routine Service,3248.18
MNT-300441,EQ-1117,2023-07-11,Engine Overhaul,132.33
MNT-300442,EQ-1062,2024-03-03,Brake Check,3090.59
MNT-300443,EQ-1026,2023-04-02,Tire Replacement,1798.78
MNT-300444,EQ-1026,2024-01-21,Engine Overhaul,2189.3
MNT-300445,EQ-1071,2023-02-24,Oil Change,3193.72
MNT-300446,EQ-1038,2023-03-13,Engine Overhaul,2660.52
MNT-300447,EQ-1094,2023-02-08,Tire Replacement,2879.81
MNT-300448,EQ-1138,2023-10-17,Routine Service,2826.19
MNT-300449,EQ-1057,2023-06-25,Routine Service,3048.29
MNT-300450,EQ-1006,2023-10-08,Oil Change,538.34
MNT-300451,EQ-1141,2023-07-20,Oil Change,1743.93
MNT-300452,EQ-1078,2023-05-15,Routine Service,955.1
MNT-300453,EQ-1085,2023-03-30,Tire Replacement,997.53
MNT-300454,EQ-1139,2023-10-24,Engine Overhaul,1386.37
MNT-300455,EQ-1012,2023-08-18,Oil Change,1521.49
MNT-300456,EQ-1142,2023-08-26,Routine Service,3248.61
MNT-300457,EQ-1089,2023-01-27,Hydraulic Repair,3033.98
MNT-300458,EQ-1076,2023-02-26,Filter Change,1573.74
MNT-300459,EQ-1134,2023-11-19,Routine Service,1167.25
MNT-300460,EQ-1119,2024-02-03,Oil Change,1844.42
MNT-300461,EQ-1016,2023-10-12,Filter Change,2959.64
MNT-300462,EQ-1076,2024-01-23,Engine Overhaul,3363.18
MNT-300463,EQ-1090,2023-02-15,Engine Overhaul,983.51
MNT-300464,EQ-1131,2024-04-17,Routine Service,1529.5
MNT-300465,EQ-1135,2023-07-08,Routine Service,2364.06
MNT-300466,EQ-1001,2023-06-20,Tire Replacement,2608.48
MNT-300467,EQ-1037,2024-03-25,Routine Service,2709.96
MNT-300468,EQ-1102,2023-07-11,Engine Overhaul,1904.95
MNT-300469,EQ-1095,2023-07-29,Engine Overhaul,1609.06
MNT-300470,EQ-1100,2023-02-16,Tire Replacement,2530.1
MNT-300471,EQ-1137,2023-02-17,Tire Replacement,3064.72
MNT-300472,EQ-1029,2023-01-12,Routine Service,2533.65
MNT-300473,EQ-1008,2023-03-31,Tire Replacement,2948.34
MNT-300474,EQ-1085,2023-11-27,Routine Service,3276.37
MNT-300475,EQ-1063,2023-02-02,Tire Replacement,1991.82
MNT-300476,EQ-1142,2023-03-23,Oil Change,726.41
MNT-300477,EQ-1131,2024-04-17,Oil Change,280.4
MNT-300478,EQ-1127,2023-05-30,Hydraulic Repair,1798.78
MNT-300479,EQ-1104,2024-04-02,Filter Change,415.43
MNT-300480,EQ-1099,2023-10-29,Tire Replacement,3005.62
MNT-300481,EQ-1062,2023-03-30,Oil Change,2733.98
MNT-300482,EQ-1118,2023-10-29,Oil Change,965.12
MNT-300483,EQ-1000,2023-09-25,Filter Change,1881.64
MNT-300484,EQ-1022,2024-05-11,Engine Overhaul,1489.18
MNT-300485,EQ-1001,2023-07-13,Hydraulic Repair,2710.97
MNT-300486,EQ-1111,2023-08-29,Engine Overhaul,1145.11
MNT-300487,EQ-1118,2023-09-14,Hydraulic Repair,246.97
MNT-300488,EQ-1043,2023-09-27,Tire Replacement,650.13
MNT-300489,EQ-1145,2023-09-26,Hydraulic Repair,2458.13
MNT-300490,EQ-1031,2024-04-06,Oil Change,2225.17
MNT-300491,EQ-1121,2023-02-05,Engine Overhaul,1393.33
MNT-300492,EQ-1044,2024-02-18,Tire Replacement,1751.23
MNT-300493,EQ-1089,2023-06-20,Routine Service,3201.39
MNT-300494,EQ-1129,2023-04-28,Engine Overhaul,2121.98
MNT-300495,EQ-1088,2023-04-28,Tire Replacement,2961.92
MNT-300496,EQ-1027,2024-03-22,Oil Change,945.41
MNT-300497,EQ-1083,2023-12-07,Hydraulic Repair,1353.1
MNT-300498,EQ-1139,2023-04-17,Brake Check,251.18
MNT-300499,EQ-1127,2023-02-25,Hydraulic Repair,1336.53
MNT-300500,EQ-1021,2023-09-20,Hydraulic Repair,2634.1
MNT-300501,EQ-1105,2023-07-13,Hydraulic Repair,3107.92
MNT-300502,EQ-1115,2023-12-02,Brake Check,3008.95
MNT-300503,EQ-1011,2023-11-11,Oil Change,467.39
MNT-300504,EQ-1063,2023-12-02,Tire Replacement,3250.4
MNT-300505,EQ-1066,2023-12-07,Oil Change,244.74
MNT-300506,EQ-1012,2023-06-02,Routine Service,1317.18
MNT-300507,EQ-1014,2023-01-05,Hydraulic Repair,1798.78
MNT-300508,EQ-1127,2024-04-28,Brake Check,1144.42
MNT-300509,EQ-1096,2023-04-30,Tire Replacement,1196.25
MNT-300510,EQ-1109,2023-06-13,Hydraulic Repair,2858.38
MNT-300511,EQ-1074,2024-02-25,Unknown,2155.91
MNT-300512,EQ-1063,2023-10-05,Routine Service,3483.19
MNT-300513,EQ-1004,2023-08-15,Routine Service,2339.11
MNT-300514,EQ-1013,2024-01-27,Oil Change,1821.59
MNT-300515,EQ-1099,2023-11-20,Brake Check,1798.78
MNT-300516,EQ-1135,2023-03-27,Brake Check,2205.12
MNT-300517,EQ-1107,2023-05-20,Brake Check,168.81
MNT-300518,EQ-1087,2024-03-25,Oil Change,100.53
MNT-300519,EQ-1008,2023-11-28,Routine Service,3354.28
MNT-300520,EQ-1016,2023-09-28,Hydraulic Repair,2442.79
MNT-300521,EQ-1047,2023-02-01,Routine Service,126.66
MNT-300522,EQ-1098,2024-03-02,Hydraulic Repair,2649.87
MNT-300523,EQ-1010,2023-10-26,Oil Change,608.87
MNT-300524,EQ-1104,2024-01-12,Hydraulic Repair,1054.32
MNT-300525,EQ-1102,2023-06-08,Brake Check,2732.63
MNT-300526,EQ-1122,2023-10-31,Filter Change,1294.0
MNT-300527,EQ-1036,2023-03-06,Routine Service,2224.5
MNT-300528,EQ-1083,2024-02-06,Hydraulic Repair,3165.09
MNT-300529,EQ-1063,2023-06-25,Engine Overhaul,3257.44
MNT-300530,EQ-1130,2024-02-05,Engine Overhaul,1697.15
MNT-300531,EQ-1031,2024-02-06,Filter Change,1140.51
MNT-300532,EQ-1021,2023-11-24,Hydraulic Repair,1073.61
MNT-300533,EQ-1083,2024-01-08,Oil Change,1858.44
MNT-300534,EQ-1068,2023-09-03,Hydraulic Repair,2299.29
MNT-300535,EQ-1057,2023-08-04,Routine Service,1194.68
MNT-300536,EQ-1141,2023-03-29,Brake Check,2977.35
MNT-300537,EQ-1016,2024-03-25,Brake Check,1344.48
MNT-300538,EQ-1007,2024-04-15,Oil Change,1647.86
MNT-300539,EQ-1003,2023-05-25,Filter Change,3426.79
MNT-300540,EQ-1058,2023-08-23,Routine Service,679.28
MNT-300541,EQ-1107,2023-12-25,Routine Service,1873.51
MNT-300542,EQ-1053,2023-11-09,Hydraulic Repair,1798.78
MNT-300543,EQ-1007,2023-02-19,Brake Check,2632.0
MNT-300544,EQ-1094,2024-02-26,Engine Overhaul,948.74
MNT-300545,EQ-1035,2024-03-22,Hydraulic Repair,1798.78
MNT-300546,EQ-1039,2023-01-15,Hydraulic Repair,2916.97
MNT-300547,EQ-1082,2023-11-30,Oil Change,1798.78
MNT-300548,EQ-1149,2023-10-25,Tire Replacement,2354.38
MNT-300549,EQ-1035,2024-02-23,Oil Change,3015.18
MNT-300550,EQ-1148,2024-01-31,Brake Check,742.83
MNT-300551,EQ-1002,2023-09-16,Brake Check,3494.27
MNT-300552,EQ-1035,2023-12-03,Routine Service,3196.89
MNT-300553,EQ-1058,2023-04-10,Brake Check,929.11
MNT-300554,EQ-1020,2023-01-18,Hydraulic Repair,1954.88
MNT-300555,EQ-1106,2023-05-28,Oil Change,2117.03
MNT-300556,EQ-1124,2023-01-07,Filter Change,1328.76
MNT-300557,EQ-1136,2023-10-07,Engine Overhaul,2573.88
MNT-300558,EQ-1007,2023-10-17,Routine Service,3426.96
MNT-300559,EQ-1144,2023-06-14,Hydraulic Repair,1137.89
MNT-300560,EQ-1054,2023-09-27,Hydraulic Repair,2002.32
MNT-300561,EQ-1112,2023-06-30,Tire Replacement,1379.67
MNT-300562,EQ-1011,2023-08-27,Filter Change,2947.48
MNT-300563,EQ-1031,2023-12-21,Oil Change,2864.57
MNT-300564,EQ-1148,2024-03-01,Engine Overhaul,1802.04
MNT-300565,EQ-1055,2023-05-16,Hydraulic Repair,1407.71
MNT-300566,EQ-1063,2023-12-01,Tire Replacement,2504.99
MNT-300567,EQ-1073,2024-04-02,Tire Replacement,459.62
MNT-300568,EQ-1066,2024-03-07,Oil Change,1661.03
MNT-300569,EQ-1136,2024-03-28,Tire Replacement,1347.87
MNT-300570,EQ-1117,2023-06-04,Routine Service,1097.3
MNT-300571,EQ-1019,2024-05-12,Hydraulic Repair,2852.76
MNT-300572,EQ-1004,2023-12-01,Oil Change,1798.78
MNT-300573,EQ-1062,2023-06-24,Filter Change,1203.58
MNT-300574,EQ-1025,2023-08-26,Tire Replacement,538.15
MNT-300575,EQ-1078,2024-02-13,Hydraulic Repair,2470.77
MNT-300576,EQ-1061,2023-08-06,Routine Service,241.9
MNT-300577,EQ-1037,2023-11-08,Brake Check,1354.48
MNT-300578,EQ-1091,2024-01-11,Filter Change,1105.39
MNT-300579,EQ-1103,2023-11-19,Filter Change,669.49
MNT-300580,EQ-1120,2023-01-16,Tire Replacement,1847.98
MNT-300581,EQ-1126,2024-02-04,Routine Service,545.71
MNT-300582,EQ-1138,2023-05-06,Hydraulic Repair,1536.0
MNT-300583,EQ-1137,2023-09-16,Oil Change,1954.74
MNT-300584,EQ-1149,2023-05-28,Routine Service,772.19
MNT-300585,EQ-1034,2023-03-08,Oil Change,2505.16
MNT-300586,EQ-1007,2023-08-26,Hydraulic Repair,1241.98
MNT-300587,EQ-1130,2023-12-14,Tire Replacement,2803.89
MNT-300588,EQ-1032,2023-09-15,Brake Check,1003.05
MNT-300589,EQ-1062,2024-04-01,Oil Change,3496.38
MNT-300590,EQ-1084,2023-01-09,Routine Service,2926.27
MNT-300591,EQ-1090,2023-01-22,Engine Overhaul,3335.51
MNT-300592,EQ-1072,2023-06-28,Filter Change,2856.51
MNT-300593,EQ-1095,2023-01-07,Brake Check,2746.2
MNT-300594,EQ-1044,2023-06-25,Brake Check,2297.72
MNT-300595,EQ-1109,2023-02-04,Routine Service,968.54
MNT-300596,EQ-1133,2024-04-19,Engine Overhaul,704.39
MNT-300597,EQ-1129,2023-08-20,Oil Change,840.15
MNT-300598,EQ-1022,2023-04-21,Tire Replacement,808.44
MNT-300599,EQ-1055,2023-10-28,Brake Check,2534.42
MNT-300600,EQ-1074,2023-06-18,Filter Change,597.96
MNT-300601,EQ-1107,2023-11-30,Routine Service,2948.48
MNT-300602,EQ-1136,2023-08-03,Hydraulic Repair,1471.45
MNT-300603,EQ-1073,2023-11-29,Filter Change,1798.78
MNT-300604,EQ-1009,2023-09-10,Engine Overhaul,1360.11
MNT-300605,EQ-1146,2023-11-10,Engine Overhaul,399.29
MNT-300606,EQ-1140,2023-11-14,Oil Change,1827.45
MNT-300607,EQ-1110,2024-01-12,Filter Change,1798.78
MNT-300608,EQ-1032,2023-04-13,Routine Service,1382.22
MNT-300609,EQ-1035,2023-06-30,Oil Change,3397.55
MNT-300610,EQ-1071,2023-07-22,Hydraulic Repair,2534.18
MNT-300611,EQ-1087,2023-01-13,Oil Change,2033.96
MNT-300612,EQ-1059,2023-05-11,Oil Change,2254.95
MNT-300613,EQ-1002,2024-04-29,Brake Check,313.9
MNT-300614,EQ-1092,2023-06-06,Oil Change,2922.45
MNT-300615,EQ-1095,2024-03-16,Routine Service,1538.5
MNT-300616,EQ-1094,2023-04-21,Engine Overhaul,2324.6
MNT-300617,EQ-1038,2024-01-25,Routine Service,2500.11
MNT-300618,EQ-1107,2023-01-02,Hydraulic Repair,2485.13
MNT-300619,EQ-1074,2024-02-01,Filter Change,2119.84
MNT-300620,EQ-1141,2023-08-19,Engine Overhaul,2679.27
MNT-300621,EQ-1041,2023-01-19,Tire Replacement,1441.66
MNT-300622,EQ-1023,2023-02-13,Tire Replacement,1571.87
MNT-300623,EQ-1051,2023-01-20,Tire Replacement,1537.15
MNT-300624,EQ-1088,2023-05-05,Brake Check,360.54
MNT-300625,EQ-1148,2024-02-28,Filter Change,1680.06
MNT-300626,EQ-1027,2023-12-03,Routine Service,1460.74
MNT-300627,EQ-1137,2023-03-26,Tire Replacement,1314.84
MNT-300628,EQ-1030,2023-12-09,Routine Service,3081.85
MNT-300629,EQ-1062,2024-04-02,Hydraulic Repair,266.14
MNT-300630,EQ-1138,2024-04-26,Routine Service,686.84
MNT-300631,EQ-1124,2024-01-30,Filter Change,1043.99
MNT-300632,EQ-1003,2023-01-22,Routine Service,1579.48
MNT-300633,EQ-1106,2023-05-01,Routine Service,2810.42
MNT-300634,EQ-1006,2024-01-11,Tire Replacement,1358.88
MNT-300635,EQ-1116,2023-12-26,Engine Overhaul,2431.32
MNT-300636,EQ-1057,2024-03-02,Routine Service,950.14
MNT-300637,EQ-1026,2024-02-12,Hydraulic Repair,3433.81
MNT-300638,EQ-1070,2023-10-08,Routine Service,2190.77
MNT-300639,EQ-1006,2023-02-28,Engine Overhaul,3259.48
MNT-300640,EQ-1026,2023-08-22,Brake Check,1798.78
MNT-300641,EQ-1025,2024-04-20,Routine Service,3007.78
MNT-300642,EQ-1082,2023-01-04,Engine Overhaul,109.38
MNT-300643,EQ-1105,2024-01-01,Routine Service,867.35
MNT-300644,EQ-1088,2023-12-07,Tire Replacement,3095.92
MNT-300645,EQ-1122,2023-08-15,Routine Service,3423.11
MNT-300646,EQ-1015,2024-04-02,Filter Change,705.1
MNT-300647,EQ-1144,2023-06-25,Oil Change,1646.41
MNT-300648,EQ-1121,2023-03-13,Brake Check,1806.38
MNT-300649,EQ-1049,2023-09-11,Tire Replacement,2874.92
MNT-300650,EQ-1027,2023-07-20,Tire Replacement,2011.13
MNT-300651,EQ-1127,2023-12-09,Routine Service,3249.66
MNT-300652,EQ-1011,2024-04-12,Hydraulic Repair,1798.78
MNT-300653,EQ-1061,2023-07-23,Brake Check,3458.04
MNT-300654,EQ-1121,2023-07-23,Brake Check,1324.2
MNT-300655,EQ-1035,2024-02-21,Engine Overhaul,1796.4
MNT-300656,EQ-1088,2023-06-08,Oil Change,1739.43
MNT-300657,EQ-1014,2023-03-02,Hydraulic Repair,137.28
MNT-300658,EQ-1075,2023-10-01,Brake Check,1245.46
MNT-300659,EQ-1133,2023-04-07,Brake Check,1003.34
MNT-300660,EQ-1028,2024-04-26,Hydraulic Repair,3354.57
MNT-300661,EQ-1146,2023-11-25,Oil Change,157.85
MNT-300662,EQ-1057,2023-04-02,Routine Service,2257.2
MNT-300663,EQ-1144,2023-02-27,Filter Change,999.08
MNT-300664,EQ-1084,2023-09-16,Oil Change,1392.0
MNT-300665,EQ-1076,2023-06-19,Tire Replacement,1740.1
MNT-300666,EQ-1055,2023-08-23,Routine Service,1582.73
MNT-300667,EQ-1051,2023-11-08,Engine Overhaul,1881.03
MNT-300668,EQ-1081,2024-04-22,Routine Service,1798.78
MNT-300669,EQ-1101,2023-09-10,General Maintenance,3429.54
MNT-300670,EQ-1068,2023-01-16,Engine Overhaul,3308.92
MNT-300671,EQ-1055,2023-11-20,Routine Service,721.19
MNT-300672,EQ-1055,2023-04-29,Engine Overhaul,2143.64
MNT-300673,EQ-1045,2024-03-09,Routine Service,2524.83
MNT-300674,EQ-1102,2023-12-13,Routine Service,1298.65
MNT-300675,EQ-1019,2024-02-14,Hydraulic Repair,518.18
MNT-300676,EQ-1122,2023-06-18,Hydraulic Repair,1612.28
MNT-300677,EQ-1097,2023-12-02,Engine Overhaul,2862.55
MNT-300678,EQ-1134,2024-03-23,Tire Replacement,1921.42
MNT-300679,EQ-1040,2024-02-16,Brake Check,805.67
MNT-300680,EQ-1149,2023-02-07,Hydraulic Repair,1962.7
MNT-300681,EQ-1053,2023-01-06,Engine Overhaul,1798.78
MNT-300682,EQ-1097,2023-06-08,Oil Change,1474.47
MNT-300683,EQ-1148,2024-04-26,Filter Change,605.63
MNT-300684,EQ-1139,2023-08-21,Brake Check,809.96
MNT-300685,EQ-1049,2024-01-22,Tire Replacement,2327.25
MNT-300686,EQ-1004,2024-01-17,Filter Change,2501.58
MNT-300687,EQ-1061,2024-02-21,Engine Overhaul,121.64
MNT-300688,EQ-1053,2023-12-26,Routine Service,1383.47
MNT-300689,EQ-1047,2023-03-14,Tire Replacement,892.17
MNT-300690,EQ-1022,2024-05-12,Routine Service,2903.36
MNT-300691,EQ-1015,2024-03-21,Filter Change,424.26
MNT-300692,EQ-1048,2023-05-08,Engine Overhaul,2434.16
MNT-300693,EQ-1094,2023-09-02,Routine Service,1948.42
MNT-300694,EQ-1104,2023-08-30,Hydraulic Repair,2290.09
MNT-300695,EQ-1061,2024-03-12,Engine Overhaul,1481.97
MNT-300696,EQ-1107,2023-11-11,Filter Change,2284.52
MNT-300697,EQ-1113,2024-01-04,Engine Overhaul,2590.27
MNT-300698,EQ-1144,2024-01-24,Hydraulic Repair,170.05
MNT-300699,EQ-1017,2023-04-15,Oil Change,640.25
MNT-300700,EQ-1053,2024-01-04,Brake Check,1602.64
MNT-300701,EQ-1096,2023-09-06,Oil Change,1798.78
MNT-300702,EQ-1044,2023-03-08,Routine Service,1032.62
MNT-300703,EQ-1056,2023-01-12,Engine Overhaul,2387.25
MNT-300704,EQ-1114,2023-05-24,Tire Replacement,436.52
MNT-300705,EQ-1140,2023-04-20,Engine Overhaul,1688.79
MNT-300706,EQ-1007,2023-08-31,Brake Check,2294.17
MNT-300707,EQ-1004,2023-02-25,Hydraulic Repair,1040.69
MNT-300708,EQ-1035,2023-08-28,Engine Overhaul,1798.78
MNT-300709,EQ-1094,2023-10-03,Tire Replacement,1798.78
MNT-300710,EQ-1092,2024-02-12,Hydraulic Repair,2351.74
MNT-300711,EQ-1129,2023-07-29,Routine Service,1923.74
MNT-300712,EQ-1107,2023-09-04,Oil Change,1916.36
MNT-300713,EQ-1068,2023-02-02,Engine Overhaul,2101.2
MNT-300714,EQ-1046,2023-11-27,Routine Service,3461.88
MNT-300715,EQ-1146,2023-11-21,General Maintenance,1461.73
MNT-300716,EQ-1027,2023-07-05,Oil Change,3387.72
MNT-300717,EQ-1040,2023-05-05,Engine Overhaul,1563.43
MNT-300718,EQ-1107,2023-05-25,Tire Replacement,2334.92
MNT-300719,EQ-1110,2024-04-10,Brake Check,1798.78
MNT-300720,EQ-1091,2023-01-10,Tire Replacement,259.69
MNT-300721,EQ-1026,2023-06-14,Hydraulic Repair,1480.09
MNT-300722,EQ-1009,2023-11-16,Routine Service,1645.45
MNT-300723,EQ-1092,2024-03-24,Oil Change,2362.56
MNT-300724,EQ-1051,2024-02-29,Brake Check,1508.92
MNT-300725,EQ-1059,2024-03-30,Filter Change,2099.66
MNT-300726,EQ-1031,2023-11-08,Brake Check,2452.43
MNT-300727,EQ-1096,2023-05-01,Oil Change,942.42
MNT-300728,EQ-1148,2024-01-31,Engine Overhaul,849.37
MNT-300729,EQ-1009,2023-08-12,Engine Overhaul,1612.56
MNT-300730,EQ-1119,2023-11-27,Hydraulic Repair,1816.96
MNT-300731,EQ-1121,2024-03-21,Routine Service,2278.44
MNT-300732,EQ-1140,2023-08-27,Routine Service,1407.62
MNT-300733,EQ-1149,2023-10-19,Oil Change,286.25
MNT-300734,EQ-1087,2023-07-15,Brake Check,535.4
MNT-300735,EQ-1115,2024-02-20,Routine Service,2311.27
MNT-300736,EQ-1131,2024-04-06,Brake Check,2690.37
MNT-300737,EQ-1016,2023-04-09,Oil Change,1459.31
MNT-300738,EQ-1078,2023-10-13,Filter Change,2692.35
MNT-300739,EQ-1067,2024-02-28,Oil Change,2052.81
MNT-300740,EQ-1059,2024-03-07,Hydraulic Repair,3233.96
MNT-300741,EQ-1002,2024-03-27,Brake Check,2444.88
MNT-300742,EQ-1003,2023-01-31,Oil Change,1894.82
MNT-300743,EQ-1043,2023-10-13,Hydraulic Repair,1798.78
MNT-300744,EQ-1063,2023-05-01,Routine Service,3413.14
MNT-300745,EQ-1029,2024-05-05,Oil Change,1798.78
MNT-300746,EQ-1144,2023-03-10,Routine Service,2049.98
MNT-300747,EQ-1035,2023-03-18,Filter Change,3272.33
MNT-300748,EQ-1117,2023-01-01,Tire Replacement,3063.77
MNT-300749,EQ-1044,2024-04-21,Engine Overhaul,765.68
MNT-300750,EQ-1056,2023-12-07,Filter Change,1798.78
MNT-300751,EQ-1043,2023-10-05,Engine Overhaul,1009.96
MNT-300752,EQ-1010,2023-07-19,Engine Overhaul,1742.94
MNT-300753,EQ-1077,2024-01-16,Routine Service,1798.78
MNT-300754,EQ-1131,2023-09-15,Oil Change,1576.73
MNT-300755,EQ-1006,2023-11-22,Engine Overhaul,3039.06
MNT-300756,EQ-1044,2023-08-26,Brake Check,173.88
MNT-300757,EQ-1068,2024-04-04,Brake Check,733.93
MNT-300758,EQ-1043,2024-02-01,Hydraulic Repair,3488.87
MNT-300759,EQ-1033,2023-08-23,Filter Change,1769.63
MNT-300760,EQ-1084,2023-04-20,Engine Overhaul,1765.15
MNT-300761,EQ-1080,2023-04-26,Routine Service,733.83
MNT-300762,EQ-1138,2023-05-17,Routine Service,3014.26
MNT-300763,EQ-1137,2023-06-26,Engine Overhaul,132.06
MNT-300764,EQ-1084,2024-05-04,Engine Overhaul,3459.07
MNT-300765,EQ-1132,2023-05-03,Tire Replacement,701.38
MNT-300766,EQ-1115,2023-11-08,Unknown,2958.67
MNT-300767,EQ-1077,2023-06-22,Oil Change,2622.99
MNT-300768,EQ-1069,2023-03-02,Engine Overhaul,1395.9
MNT-300769,EQ-1018,2023-08-02,Oil Change,209.21
MNT-300770,EQ-1141,2023-02-04,Hydraulic Repair,2642.4
MNT-300771,EQ-1067,2023-11-11,Engine Overhaul,956.1
MNT-300772,EQ-1037,2023-05-24,Routine Service,1506.13
MNT-300773,EQ-1125,2023-04-14,Filter Change,3318.63
MNT-300774,EQ-1115,2024-01-29,Routine Service,2249.95
MNT-300775,EQ-1140,2024-01-30,Hydraulic Repair,2789.6
MNT-300776,EQ-1086,2023-05-29,Routine Service,3162.93
MNT-300777,EQ-1035,2023-01-05,Brake Check,2717.97
MNT-300778,EQ-1143,2023-10-13,Tire Replacement,634.3
MNT-300779,EQ-1000,2024-03-08,Routine Service,1741.95
MNT-300780,EQ-1005,2024-01-30,Engine Overhaul,723.63
MNT-300781,EQ-1015,2023-01-28,Routine Service,140.29
MNT-300782,EQ-1022,2023-02-26,Routine Service,3330.82
MNT-300783,EQ-1143,2024-03-29,Filter Change,112.48
MNT-300784,EQ-1139,2024-03-07,Hydraulic Repair,1236.45
MNT-300785,EQ-1074,2023-02-23,Tire Replacement,1546.55
MNT-300786,EQ-1073,2024-05-14,Routine Service,3177.63
MNT-300787,EQ-1045,2024-01-12,Engine Overhaul,3236.2
MNT-300788,EQ-1093,2023-07-08,Tire Replacement,2039.64
MNT-300789,EQ-1148,2023-02-15,Oil Change,3311.51
MNT-300790,EQ-1013,2023-07-04,Engine Overhaul,2509.53
MNT-300791,EQ-1058,2023-08-29,Oil Change,3211.28
MNT-300792,EQ-1084,2023-06-09,Tire Replacement,717.34
MNT-300793,EQ-1038,2023-05-30,Hydraulic Repair,1161.02
MNT-300794,EQ-1046,2023-11-03,Oil Change,3148.28
MNT-300795,EQ-1005,2023-01-08,Oil Change,3451.0
MNT-300796,EQ-1010,2024-05-08,Brake Check,1600.82
MNT-300797,EQ-1006,2024-01-13,Brake Check,1798.78
MNT-300798,EQ-1062,2023-01-06,Routine Service,3178.89
MNT-300799,EQ-1055,2024-04-18,Tire Replacement,145.33
MNT-300800,EQ-1068,2024-03-06,Engine Overhaul,1799.53
MNT-300801,EQ-1019,2023-07-02,Tire Replacement,3414.73
MNT-300802,EQ-1031,2024-01-20,Filter Change,701.43
MNT-300803,EQ-1138,2023-11-24,Oil Change,1049.79
MNT-300804,EQ-1061,2023-10-18,Tire Replacement,1798.78
MNT-300805,EQ-1118,2023-10-24,Brake Check,2035.57
MNT-300806,EQ-1088,2023-12-04,Filter Change,1977.43
MNT-300807,EQ-1123,2023-07-18,Brake Check,1874.19
MNT-300808,EQ-1026,2023-08-05,Tire Replacement,491.33
MNT-300809,EQ-1050,2024-03-13,Oil Change,1092.68
MNT-300810,EQ-1030,2023-10-22,Brake Check,2488.2
MNT-300811,EQ-1146,2023-06-13,Engine Overhaul,3082.15
MNT-300812,EQ-1068,2024-01-07,Routine Service,1187.45
MNT-300813,EQ-1098,2023-05-02,Routine Service,1608.16
MNT-300814,EQ-1002,2024-03-16,Filter Change,2903.95
MNT-300815,EQ-1035,2023-08-08,Hydraulic Repair,245.97
MNT-300816,EQ-1076,2023-06-02,Hydraulic Repair,2274.53
MNT-300817,EQ-1126,2023-11-04,Tire Replacement,2013.66
MNT-300818,EQ-1040,2023-09-24,Oil Change,773.21
MNT-300819,EQ-1141,2024-01-16,Tire Replacement,2887.93
MNT-300820,EQ-1039,2023-06-13,Tire Replacement,1143.26
MNT-300821,EQ-1101,2023-12-21,Engine Overhaul,2561.24
MNT-300822,EQ-1142,2023-01-16,Brake Check,1213.01
MNT-300823,EQ-1085,2024-02-16,Brake Check,821.13
MNT-300824,EQ-1033,2023-02-04,Tire Replacement,1744.45
MNT-300825,EQ-1086,2023-02-08,Engine Overhaul,3318.7
MNT-300826,EQ-1047,2024-04-21,Hydraulic Repair,3174.17
MNT-300827,EQ-1114,2024-02-01,Engine Overhaul,1335.51
MNT-300828,EQ-1046,2023-08-07,Oil Change,3228.72
MNT-300829,EQ-1108,2024-01-13,Filter Change,2433.07
MNT-300830,EQ-1067,2024-05-12,Brake Check,1540.67
MNT-300831,EQ-1137,2023-02-28,Hydraulic Repair,1245.19
MNT-300832,EQ-1040,2023-07-01,Filter Change,3266.94
MNT-300833,EQ-1030,2023-11-27,Filter Change,2770.36
MNT-300834,EQ-1084,2023-01-22,Oil Change,414.1
MNT-300835,EQ-1137,2024-04-15,Oil Change,1798.78
MNT-300836,EQ-1029,2023-06-27,Routine Service,1185.47
MNT-300837,EQ-1137,2023-08-27,Routine Service,1669.43
MNT-300838,EQ-1052,2024-01-21,Filter Change,2273.33
MNT-300839,EQ-1116,2023-02-09,Oil Change,1410.43
MNT-300840,EQ-1110,2024-04-14,Hydraulic Repair,1989.02
MNT-300841,EQ-1120,2023-11-14,Routine Service,2085.87
MNT-300842,EQ-1086,2023-08-08,Brake Check,2045.13
MNT-300843,EQ-1086,2024-05-02,Brake Check,2858.17
MNT-300844,EQ-1084,2023-04-01,Oil Change,2452.97
MNT-300845,EQ-1015,2023-11-08,General Maintenance,454.33
MNT-300846,EQ-1050,2024-04-01,Hydraulic Repair,2730.58
MNT-300847,EQ-1016,2023-07-15,Routine Service,2952.57
MNT-300848,EQ-1001,2023-01-16,Oil Change,679.69
MNT-300849,EQ-1011,2023-09-27,Engine Overhaul,3040.18
MNT-300850,EQ-1096,2023-09-20,Brake Check,3199.78
MNT-300851,EQ-1058,2023-02-04,Tire Replacement,2442.63
MNT-300852,EQ-1105,2023-09-11,Oil Change,1002.07
MNT-300853,EQ-1016,2023-12-03,Engine Overhaul,2123.96
MNT-300854,EQ-1017,2023-09-05,Hydraulic Repair,590.13
MNT-300855,EQ-1028,2023-09-13,Tire Replacement,3177.73
MNT-300856,EQ-1105,2024-01-11,Oil Change,1798.78
MNT-300857,EQ-1054,2023-12-06,Engine Overhaul,485.42
MNT-300858,EQ-1079,2023-03-11,Oil Change,1823.41
MNT-300859,EQ-1149,2023-12-24,Routine Service,212.67
MNT-300860,EQ-1126,2024-03-23,Routine Service,987.36
MNT-300861,EQ-1071,2024-04-03,Engine Overhaul,2476.92
MNT-300862,EQ-1081,2023-08-01,Engine Overhaul,2128.6
MNT-300863,EQ-1115,2023-02-22,Brake Check,3090.24
MNT-300864,EQ-1082,2024-02-28,Oil Change,1798.78
MNT-300865,EQ-1071,2023-04-28,Brake Check,2735.64
MNT-300866,EQ-1106,2023-10-21,Tire Replacement,194.02
MNT-300867,EQ-1104,2023-07-10,Hydraulic Repair,776.6
MNT-300868,EQ-1006,2024-01-06,Routine Service,2391.43
MNT-300869,EQ-1081,2023-11-25,Filter Change,1627.65
MNT-300870,EQ-1020,2023-04-30,Tire Replacement,756.19
MNT-300871,EQ-1070,2024-03-08,Engine Overhaul,2461.03
MNT-300872,EQ-1121,2023-02-16,Hydraulic Repair,2835.52
MNT-300873,EQ-1088,2023-02-11,Engine Overhaul,1312.31
MNT-300874,EQ-1025,2023-05-29,Routine Service,3488.41
MNT-300875,EQ-1022,2023-02-10,Oil Change,3228.1
MNT-300876,EQ-1105,2023-11-25,Tire Replacement,689.35
MNT-300877,EQ-1061,2024-01-28,Hydraulic Repair,1522.26
MNT-300878,EQ-1094,2023-02-15,Hydraulic Repair,1711.45
MNT-300879,EQ-1001,2023-07-01,Tire Replacement,1798.78
MNT-300880,EQ-1072,2023-12-04,Routine Service,1798.78
MNT-300881,EQ-1079,2023-07-29,Engine Overhaul,1632.27
MNT-300882,EQ-1128,2024-03-04,Engine Overhaul,1798.78
MNT-300883,EQ-1103,2023-09-15,Engine Overhaul,1803.89
MNT-300884,EQ-1000,2024-04-02,Brake Check,1478.72
MNT-300885,EQ-1144,2023-06-30,Tire Replacement,2905.23
MNT-300886,EQ-1043,2023-11-07,Oil Change,1358.91
MNT-300887,EQ-1005,2024-02-24,Hydraulic Repair,3095.65
MNT-300888,EQ-1026,2024-02-10,Hydraulic Repair,805.31
MNT-300889,EQ-1073,2023-09-17,Routine Service,3471.29
MNT-300890,EQ-1014,2024-02-24,Filter Change,1784.28
MNT-300891,EQ-1033,2023-03-03,Oil Change,2454.61
MNT-300892,EQ-1137,2023-04-03,Tire Replacement,1992.4
MNT-300893,EQ-1075,2023-06-13,Hydraulic Repair,676.36
MNT-300894,EQ-1109,2023-03-22,Tire Replacement,1110.16
MNT-300895,EQ-1121,2024-04-23,Routine Service,630.82
MNT-300896,EQ-1120,2024-03-19,Tire Replacement,2396.11
MNT-300897,EQ-1093,2023-11-16,Engine Overhaul,1798.78
MNT-300898,EQ-1056,2024-01-30,Brake Check,1691.53
MNT-300899,EQ-1014,2023-07-21,Filter Change,2207.41
MNT-300900,EQ-1012,2023-09-03,Routine Service,3270.63
MNT-300901,EQ-1015,2023-08-28,Engine Overhaul,1757.83
MNT-300902,EQ-1083,2023-02-28,Filter Change,3166.47
MNT-300903,EQ-1148,2023-04-13,Routine Service,2454.09
MNT-300904,EQ-1061,2023-12-08,Brake Check,324.11
MNT-300905,EQ-1065,2023-12-20,Engine Overhaul,1379.6
MNT-300906,EQ-1099,2023-04-29,Brake Check,269.82
MNT-300907,EQ-1149,2023-03-02,Routine Service,896.6
MNT-300908,EQ-1041,2024-01-29,Tire Replacement,2226.2
MNT-300909,EQ-1031,2023-05-20,Routine Service,2451.91
MNT-300910,EQ-1071,2024-04-05,Hydraulic Repair,1798.78
MNT-300911,EQ-1022,2023-08-21,Hydraulic Repair,1344.29
MNT-300912,EQ-1004,2023-09-06,Oil Change,1444.78
MNT-300913,EQ-1109,2023-10-08,General Maintenance,2472.28
MNT-300914,EQ-1146,2023-01-28,Routine Service,3384.91
MNT-300915,EQ-1048,2023-10-14,Tire Replacement,1611.51
MNT-300916,EQ-1138,2023-08-24,Tire Replacement,3138.13
MNT-300917,EQ-1063,2023-11-15,Routine Service,287.13
MNT-300918,EQ-1083,2023-10-25,Hydraulic Repair,1425.83
MNT-300919,EQ-1066,2024-05-01,Tire Replacement,2375.36
MNT-300920,EQ-1050,2024-03-25,Engine Overhaul,1006.71
MNT-300921,EQ-1023,2023-04-26,Brake Check,537.86
MNT-300922,EQ-1090,2024-01-13,Oil Change,2248.78
MNT-300923,EQ-1007,2023-06-28,Oil Change,1151.2
MNT-300924,EQ-1027,2023-05-27,Brake Check,390.45
MNT-300925,EQ-1107,2024-01-18,Routine Service,2118.33
MNT-300926,EQ-1065,2023-01-13,Brake Check,3375.61
MNT-300927,EQ-1066,2023-01-24,Tire Replacement,1572.87
MNT-300928,EQ-1124,2024-04-10,Tire Replacement,821.54
MNT-300929,EQ-1097,2023-03-22,Routine Service,3017.63
MNT-300930,EQ-1086,2023-09-18,Hydraulic Repair,507.48
MNT-300931,EQ-1084,2023-07-09,Brake Check,2100.79
MNT-300932,EQ-1049,2023-07-28,Engine Overhaul,194.58
MNT-300933,EQ-1020,2024-01-28,Engine Overhaul,159.43
MNT-300934,EQ-1123,2023-08-09,Oil Change,270.84
MNT-300935,EQ-1066,2023-02-08,Tire Replacement,2975.35
MNT-300936,EQ-1015,2024-02-13,Hydraulic Repair,2122.53
MNT-300937,EQ-1145,2023-05-31,Tire Replacement,2797.43
MNT-300938,EQ-1014,2024-02-12,Routine Service,2201.69
MNT-300939,EQ-1133,2023-10-23,Hydraulic Repair,3132.17
MNT-300940,EQ-1147,2023-04-27,Brake Check,1396.19
MNT-300941,EQ-1064,2023-01-29,Hydraulic Repair,3477.25
MNT-300942,EQ-1009,2023-01-16,Filter Change,2080.9
MNT-300943,EQ-1125,2023-01-13,Tire Replacement,752.15
MNT-300944,EQ-1095,2023-04-19,Hydraulic Repair,1733.33
MNT-300945,EQ-1133,2023-09-09,Tire Replacement,3119.49
MNT-300946,EQ-1141,2024-01-28,Tire Replacement,250.49
MNT-300947,EQ-1135,2023-06-07,Engine Overhaul,1772.78
MNT-300948,EQ-1119,2023-05-12,Filter Change,2803.39
MNT-300949,EQ-1050,2023-11-17,Oil Change,3273.26
MNT-300950,EQ-1031,2023-11-10,Oil Change,3470.48
MNT-300951,EQ-1148,2023-02-03,Filter Change,3361.49
MNT-300952,EQ-1037,2024-01-28,Hydraulic Repair,292.86
MNT-300953,EQ-1085,2023-07-04,Engine Overhaul,1408.58
MNT-300954,EQ-1034,2023-03-29,Routine Service,2645.94
MNT-300955,EQ-1140,2023-01-10,Routine Service,2040.27
MNT-300956,EQ-1099,2023-08-23,Oil Change,3127.18
MNT-300957,EQ-1135,2024-05-02,Tire Replacement,1798.78
MNT-300958,EQ-1117,2024-04-20,Filter Change,537.32
MNT-300959,EQ-1129,2023-09-05,Tire Replacement,2211.3
MNT-300960,EQ-1020,2023-12-17,Hydraulic Repair,3299.87
MNT-300961,EQ-1086,2024-05-11,Brake Check,1309.51
MNT-300962,EQ-1024,2023-04-08,Filter Change,1819.9
MNT-300963,EQ-1025,2024-05-14,Routine Service,2972.15
MNT-300964,EQ-1148,2024-02-05,Hydraulic Repair,1014.74
MNT-300965,EQ-1017,2023-04-17,Filter Change,1361.35
MNT-300966,EQ-1104,2023-04-16,Filter Change,923.77
MNT-300967,EQ-1129,2023-11-09,Hydraulic Repair,2557.15
MNT-300968,EQ-1010,2023-07-09,Oil Change,1955.36
MNT-300969,EQ-1019,2023-03-01,Tire Replacement,1798.78
MNT-300970,EQ-1023,2023-07-29,Brake Check,2561.96
MNT-300971,EQ-1139,2023-10-19,Brake Check,2150.06
MNT-300972,EQ-1027,2024-01-02,Tire Replacement,3378.53
MNT-300973,EQ-1025,2023-05-17,Brake Check,209.76
MNT-300974,EQ-1023,2023-06-23,Oil Change,1798.78
MNT-300975,EQ-1051,2023-04-11,Tire Replacement,2955.3
MNT-300976,EQ-1014,2023-02-01,Hydraulic Repair,1798.78
MNT-300977,EQ-1052,2023-01-09,Engine Overhaul,1619.09
MNT-300978,EQ-1021,2023-10-10,Tire Replacement,3088.25
MNT-300979,EQ-1015,2023-02-26,Hydraulic Repair,281.33
MNT-300980,EQ-1064,2024-01-11,Brake Check,2405.28
MNT-300981,EQ-1094,2023-05-06,Oil Change,1464.88
MNT-300982,EQ-1106,2023-10-09,Filter Change,298.18
MNT-300983,EQ-1103,2023-11-06,Filter Change,1143.48
MNT-300984,EQ-1115,2023-11-12,Tire Replacement,2576.28
MNT-300985,EQ-1055,2023-01-22,Oil Change,3352.14
MNT-300986,EQ-1113,2023-07-16,Routine Service,1866.28
MNT-300987,EQ-1080,2023-06-17,Tire Replacement,1052.57
MNT-300988,EQ-1112,2024-02-03,Routine Service,1854.84
MNT-300989,EQ-1126,2023-04-10,Hydraulic Repair,1622.87
MNT-300990,EQ-1038,2023-05-08,Routine Service,508.55
MNT-300991,EQ-1007,2023-11-16,Oil Change,2062.97
MNT-300992,EQ-1090,2023-12-06,Routine Service,134.17
MNT-300993,EQ-1127,2023-04-25,Routine Service,3393.24
MNT-300994,EQ-1128,2023-02-28,Filter Change,557.37
MNT-300995,EQ-1118,2024-01-27,Filter Change,1223.59
MNT-300996,EQ-1112,2024-02-12,Filter Change,383.61
MNT-300997,EQ-1081,2023-09-30,Filter Change,1415.93
MNT-300998,EQ-1041,2024-05-09,Oil Change,2817.03
MNT-300999,EQ-1037,2023-05-29,Tire Replacement,585.1
MNT-301000,EQ-1001,2024-03-15,Oil Change,3347.01
MNT-301001,EQ-1043,2023-12-05,Hydraulic Repair,2058.62
MNT-301002,EQ-1104,2024-01-02,Engine Overhaul,1252.39
MNT-301003,EQ-1000,2023-03-15,Filter Change,3310.08
MNT-301004,EQ-1087,2024-04-27,Oil Change,700.67
MNT-301005,EQ-1100,2023-09-21,Brake Check,275.42
MNT-301006,EQ-1137,2023-01-21,Filter Change,3001.8
MNT-301007,EQ-1122,2024-02-06,Tire Replacement,2233.37
MNT-301008,EQ-1140,2023-03-17,Unknown,913.65
MNT-301009,EQ-1044,2023-10-07,Routine Service,384.14
MNT-301010,EQ-1072,2023-04-29,Hydraulic Repair,3246.81
MNT-301011,EQ-1140,2024-04-19,Filter Change,1001.06
MNT-301012,EQ-1019,2024-02-17,Routine Service,2239.34
MNT-301013,EQ-1016,2023-03-28,Routine Service,1307.83
MNT-301014,EQ-1078,2024-02-07,Filter Change,1880.25
MNT-301015,EQ-1079,2023-09-21,Oil Change,3160.42
MNT-301016,EQ-1058,2024-01-26,Tire Replacement,152.72
MNT-301017,EQ-1032,2023-03-27,Routine Service,837.21
MNT-301018,EQ-1119,2023-12-28,Filter Change,1697.78
MNT-301019,EQ-1068,2023-04-03,Routine Service,367.08
MNT-301020,EQ-1120,2023-01-12,Oil Change,516.4
MNT-301021,EQ-1068,2023-07-26,Oil Change,2117.25
MNT-301022,EQ-1041,2023-07-27,Routine Service,2922.02
MNT-301023,EQ-1124,2024-01-16,Brake Check,2867.06
MNT-301024,EQ-1073,2023-10-21,Engine Overhaul,1280.8
MNT-301025,EQ-1020,2023-04-29,Filter Change,3268.15
MNT-301026,EQ-1025,2024-03-01,Filter Change,3226.91
MNT-301027,EQ-1094,2023-08-21,Filter Change,2464.68
MNT-301028,EQ-1043,2023-04-23,Filter Change,1687.78
MNT-301029,EQ-1149,2024-02-18,Routine Service,1340.2
MNT-301030,EQ-1037,2023-05-24,Routine Service,2285.06
MNT-301031,EQ-1022,2023-06-16,Filter Change,2017.87
MNT-301032,EQ-1044,2023-11-13,Brake Check,1491.41
MNT-301033,EQ-1042,2023-11-02,Oil Change,1101.57
MNT-301034,EQ-1057,2023-06-30,Oil Change,2114.13
MNT-301035,EQ-1116,2023-04-06,Oil Change,1373.76
MNT-301036,EQ-1085,2023-12-05,Oil Change,2770.78
MNT-301037,EQ-1118,2024-04-27,Hydraulic Repair,2736.05
MNT-301038,EQ-1040,2023-10-05,Routine Service,565.08
MNT-301039,EQ-1131,2023-06-17,Oil Change,1798.78
MNT-301040,EQ-1013,2023-10-19,Filter Change,1060.47
MNT-301041,EQ-1002,2024-04-12,Engine Overhaul,2698.4
MNT-301042,EQ-1004,2023-02-24,Engine Overhaul,474.79
MNT-301043,EQ-1017,2023-05-06,Engine Overhaul,1930.6
MNT-301044,EQ-1104,2023-09-21,Hydraulic Repair,1903.98
MNT-301045,EQ-1123,2023-04-13,Oil Change,524.78
MNT-301046,EQ-1091,2023-12-17,Tire Replacement,2861.69
MNT-301047,EQ-1046,2023-03-28,Routine Service,963.91
MNT-301048,EQ-1102,2023-01-17,Hydraulic Repair,1010.24
MNT-301049,EQ-1060,2023-07-31,Brake Check,2592.77
MNT-301050,EQ-1065,2024-01-06,Brake Check,2659.73
MNT-301051,EQ-1066,2023-06-04,Routine Service,147.54
MNT-301052,EQ-1113,2023-01-08,Brake Check,1798.78
MNT-301053,EQ-1053,2023-11-21,Engine Overhaul,2733.02
MNT-301054,EQ-1022,2024-03-19,Brake Check,1667.71
MNT-301055,EQ-1008,2023-05-12,Unknown,1555.24
MNT-301056,EQ-1102,2023-04-28,Tire Replacement,578.97
MNT-301057,EQ-1079,2023-01-20,Oil Change,2609.32
MNT-301058,EQ-1124,2023-10-20,Unknown,3350.3
MNT-301059,EQ-1056,2023-06-16,Oil Change,3355.39
MNT-301060,EQ-1028,2023-08-09,Tire Replacement,643.94
MNT-301061,EQ-1113,2024-04-18,Filter Change,1798.78
MNT-301062,EQ-1144,2024-03-06,Engine Overhaul,744.63
MNT-301063,EQ-1006,2023-12-16,Oil Change,2504.83
MNT-301064,EQ-1123,2024-01-01,Oil Change,3248.88
MNT-301065,EQ-1031,2024-02-01,Hydraulic Repair,2665.61
MNT-301066,EQ-1145,2023-01-29,Brake Check,210.96
MNT-301067,EQ-1061,2024-03-27,Hydraulic Repair,2279.55
MNT-301068,EQ-1130,2023-02-23,Brake Check,1798.78
MNT-301069,EQ-1034,2023-02-15,Tire Replacement,1067.39
MNT-301070,EQ-1082,2024-03-25,Tire Replacement,966.05
MNT-301071,EQ-1015,2023-04-05,Routine Service,3156.24
MNT-301072,EQ-1145,2023-02-20,Tire Replacement,3100.8
MNT-301073,EQ-1085,2023-04-19,Routine Service,1797.76
MNT-301074,EQ-1119,2023-07-22,Hydraulic Repair,121.63
MNT-301075,EQ-1083,2023-12-29,Routine Service,1714.48
MNT-301076,EQ-1026,2023-08-29,Filter Change,1932.44
MNT-301077,EQ-1083,2024-01-01,Brake Check,2703.0
MNT-301078,EQ-1018,2023-01-31,Brake Check,2117.28
MNT-301079,EQ-1016,2023-07-29,Brake Check,1541.56
MNT-301080,EQ-1059,2023-02-07,Oil Change,2352.58
MNT-301081,EQ-1106,2023-08-23,Hydraulic Repair,2174.98
MNT-301082,EQ-1000,2023-06-14,Oil Change,517.49
MNT-301083,EQ-1020,2023-08-05,Hydraulic Repair,418.55
MNT-301084,EQ-1091,2023-04-17,Brake Check,1176.68
MNT-301085,EQ-1077,2023-03-13,Filter Change,2712.95
MNT-301086,EQ-1105,2023-12-05,Filter Change,3315.89
MNT-301087,EQ-1114,2023-07-30,Tire Replacement,2873.76
MNT-301088,EQ-1013,2023-08-28,Tire Replacement,505.08
MNT-301089,EQ-1003,2023-05-14,Engine Overhaul,3042.51
MNT-301090,EQ-1108,2023-05-19,Oil Change,3378.62
MNT-301091,EQ-1123,2023-01-22,Engine Overhaul,109.56
MNT-301092,EQ-1017,2024-03-24,Oil Change,2657.82
MNT-301093,EQ-1123,2023-01-28,Engine Overhaul,1798.78
MNT-301094,EQ-1120,2023-09-17,Routine Service,2650.81
MNT-301095,EQ-1088,2023-07-13,Unknown,3230.59
MNT-301096,EQ-1006,2023-03-03,Routine Service,2901.07
MNT-301097,EQ-1032,2023-04-11,Brake Check,1281.53
MNT-301098,EQ-1013,2023-05-07,Routine Service,774.38
MNT-301099,EQ-1143,2023-05-14,Oil Change,2229.98
MNT-301100,EQ-1141,2023-02-07,Routine Service,3193.83
MNT-301101,EQ-1080,2023-11-24,Brake Check,2898.68
MNT-301102,EQ-1021,2023-06-14,Oil Change,1392.21
MNT-301103,EQ-1098,2023-08-10,Brake Check,1494.3
MNT-301104,EQ-1124,2023-02-16,Engine Overhaul,2608.45
MNT-301105,EQ-1143,2023-04-23,Oil Change,1649.56
MNT-301106,EQ-1027,2023-12-18,Hydraulic Repair,2942.98
MNT-301107,EQ-1006,2023-06-10,Engine Overhaul,2280.48
MNT-301108,EQ-1120,2023-11-22,Routine Service,3261.46
MNT-301109,EQ-1015,2023-02-06,Tire Replacement,626.67
MNT-301110,EQ-1023,2024-01-19,Unknown,1798.03
MNT-301111,EQ-1062,2024-03-30,Engine Overhaul,1229.99
MNT-301112,EQ-1096,2024-02-26,Oil Change,356.9
MNT-301113,EQ-1019,2023-12-23,Filter Change,411.33
MNT-301114,EQ-1024,2023-04-21,Filter Change,1511.89
MNT-301115,EQ-1050,2023-07-14,Tire Replacement,2876.52
MNT-301116,EQ-1098,2024-03-09,Oil Change,2555.88
MNT-301117,EQ-1077,2023-10-07,Oil Change,2883.06
MNT-301118,EQ-1119,2023-12-15,Brake Check,1819.31
MNT-301119,EQ-1095,2023-02-16,Hydraulic Repair,3080.4
MNT-301120,EQ-1076,2024-03-02,Hydraulic Repair,1897.09
MNT-301121,EQ-1035,2023-11-01,Brake Check,120.19
MNT-301122,EQ-1127,2024-03-31,Routine Service,964.18
MNT-301123,EQ-1132,2024-01-13,General Maintenance,1869.59
MNT-301124,EQ-1013,2023-01-14,Engine Overhaul,332.74
MNT-301125,EQ-1047,2023-01-05,Engine Overhaul,1439.17
MNT-301126,EQ-1026,2023-05-03,Brake Check,2998.81
MNT-301127,EQ-1084,2023-10-31,Oil Change,1018.11
MNT-301128,EQ-1025,2024-01-03,Tire Replacement,2145.59
MNT-301129,EQ-1081,2023-04-17,Filter Change,447.05
MNT-301130,EQ-1062,2023-01-19,Filter Change,707.46
MNT-301131,EQ-1118,2024-04-12,Engine Overhaul,1208.53
MNT-301132,EQ-1027,2023-07-01,Routine Service,993.94
MNT-301133,EQ-1057,2023-01-12,Oil Change,404.04
MNT-301134,EQ-1009,2023-03-29,Routine Service,1364.98
MNT-301135,EQ-1123,2023-08-12,Hydraulic Repair,847.62
MNT-301136,EQ-1144,2023-06-14,Tire Replacement,3426.53
MNT-301137,EQ-1148,2023-12-22,Engine Overhaul,1708.32
MNT-301138,EQ-1021,2023-03-15,Tire Replacement,616.11
MNT-301139,EQ-1043,2024-02-08,Tire Replacement,2491.5
MNT-301140,EQ-1137,2024-03-07,Engine Overhaul,288.25
MNT-301141,EQ-1093,2023-06-26,Tire Replacement,2813.84
MNT-301142,EQ-1101,2023-02-05,Oil Change,572.17
MNT-301143,EQ-1039,2024-04-11,Filter Change,1576.32
MNT-301144,EQ-1125,2023-08-22,Routine Service,1798.78
MNT-301145,EQ-1136,2023-01-24,Filter Change,3000.48
MNT-301146,EQ-1017,2023-08-20,Tire Replacement,1961.29
MNT-301147,EQ-1140,2023-05-07,Brake Check,2015.59
MNT-301148,EQ-1146,2023-08-10,Oil Change,1352.36
MNT-301149,EQ-1082,2023-11-25,Oil Change,1798.78
MNT-301150,EQ-1006,2023-11-20,Oil Change,3198.35
MNT-301151,EQ-1002,2023-01-26,Tire Replacement,134.8
MNT-301152,EQ-1147,2023-02-05,Brake Check,3274.41
MNT-301153,EQ-1000,2024-01-27,Brake Check,2364.97
MNT-301154,EQ-1043,2023-03-20,Engine Overhaul,649.64
MNT-301155,EQ-1003,2023-06-26,Hydraulic Repair,747.91
MNT-301156,EQ-1033,2023-04-11,Oil Change,1002.87
MNT-301157,EQ-1015,2023-10-20,Tire Replacement,1038.89
MNT-301158,EQ-1110,2023-12-31,Filter Change,1798.78
MNT-301159,EQ-1078,2023-06-22,Hydraulic Repair,2089.57
MNT-301160,EQ-1047,2023-08-18,Routine Service,3168.16
MNT-301161,EQ-1041,2024-02-27,Routine Service,214.12
MNT-301162,EQ-1040,2023-12-07,Filter Change,222.69
MNT-301163,EQ-1070,2023-04-20,Oil Change,2293.74
MNT-301164,EQ-1044,2023-11-08,Oil Change,2340.06
MNT-301165,EQ-1085,2024-03-25,Filter Change,1344.84
MNT-301166,EQ-1116,2023-05-02,Hydraulic Repair,264.83
MNT-301167,EQ-1035,2024-02-10,Brake Check,3073.13
MNT-301168,EQ-1124,2024-01-08,Oil Change,2600.91
MNT-301169,EQ-1125,2023-05-01,Hydraulic Repair,1798.78
MNT-301170,EQ-1121,2024-01-20,Routine Service,3113.54
MNT-301171,EQ-1023,2023-02-18,Oil Change,1798.78
MNT-301172,EQ-1130,2024-02-28,Filter Change,2522.31
MNT-301173,EQ-1043,2023-06-18,Hydraulic Repair,2268.98
MNT-301174,EQ-1071,2024-04-15,Filter Change,2330.09
MNT-301175,EQ-1094,2023-11-29,Engine Overhaul,1643.69
MNT-301176,EQ-1065,2023-08-11,Filter Change,1070.59
MNT-301177,EQ-1077,2023-04-08,Engine Overhaul,1972.76
MNT-301178,EQ-1114,2024-03-02,Routine Service,127.17
MNT-301179,EQ-1126,2023-04-18,Filter Change,1798.78
MNT-301180,EQ-1140,2023-05-28,Routine Service,1798.78
MNT-301181,EQ-1055,2023-06-03,Hydraulic Repair,728.97
MNT-301182,EQ-1043,2023-09-13,Filter Change,553.24
MNT-301183,EQ-1018,2023-09-10,Engine Overhaul,923.88
MNT-301184,EQ-1067,2023-08-28,Brake Check,1798.78
MNT-301185,EQ-1067,2023-05-27,Filter Change,1403.9
MNT-301186,EQ-1037,2023-11-23,Engine Overhaul,1349.76
MNT-301187,EQ-1078,2024-02-13,Tire Replacement,2783.86
MNT-301188,EQ-1127,2023-06-28,Oil Change,1974.4
MNT-301189,EQ-1111,2024-01-31,Brake Check,2700.47
MNT-301190,EQ-1147,2023-05-09,Engine Overhaul,110.51
MNT-301191,EQ-1112,2023-02-17,Engine Overhaul,2709.93
MNT-301192,EQ-1028,2023-07-21,Filter Change,725.05
MNT-301193,EQ-1067,2024-01-17,Oil Change,3079.18
MNT-301194,EQ-1073,2023-10-25,Filter Change,2481.88
MNT-301195,EQ-1085,2023-07-25,Routine Service,195.43
MNT-301196,EQ-1109,2023-11-28,Filter Change,370.33
MNT-301197,EQ-1060,2024-01-09,Hydraulic Repair,2661.39
MNT-301198,EQ-1117,2024-01-11,Brake Check,1233.34
MNT-301199,EQ-1123,2024-02-17,Brake Check,2224.22
MNT-301200,EQ-1019,2024-01-29,Brake Check,1581.54
