Repair_ID,Equipment_ID,Repair_Date,Part_Replaced
RPR-500001,EQ-1125,2024-03-15,Clutch Plate
RPR-500002,EQ-1055,2024-03-28,Alternator
RPR-500003,EQ-1119,2023-11-11,Battery
RPR-500004,EQ-1097,2024-03-14,Clutch Plate
RPR-500005,EQ-1089,2023-02-13,Radiator
RPR-500006,EQ-1015,2023-05-07,Alternator
RPR-500007,EQ-1141,2023-11-14,Battery
RPR-500008,EQ-1038,2023-05-30,Fuel Injector
RPR-500009,EQ-1104,2024-04-28,Battery
RPR-500010,EQ-1143,2023-12-14,Alternator
RPR-500011,EQ-1142,2024-04-26,Battery
RPR-500012,EQ-1025,2023-12-21,Clutch Plate
RPR-500013,EQ-1081,2023-05-20,Hydraulic Pump
RPR-500014,EQ-1028,2024-02-18,Clutch Plate
RPR-500015,EQ-1081,2024-02-04,Fuel Injector
RPR-500016,EQ-1146,2023-12-07,Alternator
RPR-500017,EQ-1023,2024-05-11,Transmission Belt
RPR-500018,EQ-1092,2023-11-23,Battery
RPR-500019,EQ-1035,2023-12-28,Battery
RPR-500020,EQ-1112,2023-04-05,Transmission Belt
RPR-500021,EQ-1129,2023-06-17,Radiator
RPR-500022,EQ-1056,2024-01-11,Radiator
RPR-500023,EQ-1071,2023-10-26,Radiator
RPR-500024,EQ-1123,2023-10-24,General Component
RPR-500025,EQ-1129,2024-04-01,Battery
RPR-500026,EQ-1138,2023-10-08,Radiator
RPR-500027,EQ-1148,2023-02-20,Starter Motor
RPR-500028,EQ-1030,2024-01-16,Battery
RPR-500029,EQ-1036,2024-04-01,Radiator
RPR-500030,EQ-1142,2023-01-16,Fuel Injector
RPR-500031,EQ-1055,2023-06-22,Hydraulic Pump
RPR-500032,EQ-1134,2023-08-04,Battery
RPR-500033,EQ-1066,2023-08-28,Transmission Belt
RPR-500034,EQ-1147,2024-04-15,Battery
RPR-500035,EQ-1116,2023-07-15,Starter Motor
RPR-500036,EQ-1116,2023-03-31,Transmission Belt
RPR-500037,EQ-1042,2023-04-27,Hydraulic Pump
RPR-500038,EQ-1060,2023-11-06,Hydraulic Pump
RPR-500039,EQ-1005,2024-05-02,Radiator
RPR-500040,EQ-1080,2023-01-17,Battery
RPR-500041,EQ-1034,2023-05-25,Radiator
RPR-500042,EQ-1000,2024-02-13,Hydraulic Pump
RPR-500043,EQ-1058,2023-08-28,Alternator
RPR-500044,EQ-1077,2023-08-23,Alternator
RPR-500045,EQ-1077,2023-04-25,Battery
RPR-500046,EQ-1106,2024-04-28,Transmission Belt
RPR-500047,EQ-1081,2023-11-27,Alternator
RPR-500048,EQ-1051,2024-04-20,Battery
RPR-500049,EQ-1119,2023-10-18,Radiator
RPR-500050,EQ-1100,2023-04-13,Clutch Plate
RPR-500051,EQ-1086,2023-06-24,Alternator
RPR-500052,EQ-1037,2023-07-20,General Component
RPR-500053,EQ-1136,2023-02-28,Starter Motor
RPR-500054,EQ-1094,2023-11-04,Transmission Belt
RPR-500055,EQ-1029,2024-02-26,Hydraulic Pump
RPR-500056,EQ-1146,2023-01-03,Radiator
RPR-500057,EQ-1117,2023-11-04,Radiator
RPR-500058,EQ-1148,2024-01-28,Clutch Plate
RPR-500059,EQ-1022,2023-07-10,Alternator
RPR-500060,EQ-1095,2023-09-17,Hydraulic Pump
RPR-500061,EQ-1047,2024-01-28,Alternator
RPR-500062,EQ-1119,2023-03-25,Hydraulic Pump
RPR-500063,EQ-1018,2023-05-22,Clutch Plate
RPR-500064,EQ-1009,2024-01-28,Clutch Plate
RPR-500065,EQ-1113,2023-04-08,Fuel Injector
RPR-500066,EQ-1044,2023-10-03,Clutch Plate
RPR-500067,EQ-1095,2023-03-12,Radiator
RPR-500068,EQ-1033,2023-09-24,Starter Motor
RPR-500069,EQ-1119,2023-03-01,Transmission Belt
RPR-500070,EQ-1044,2023-04-10,Battery
RPR-500071,EQ-1143,2023-03-18,Starter Motor
RPR-500072,EQ-1135,2024-01-10,Starter Motor
RPR-500073,EQ-1006,2023-09-12,Radiator
RPR-500074,EQ-1125,2023-03-22,Clutch Plate
RPR-500075,EQ-1034,2023-10-31,Starter Motor
RPR-500076,EQ-1118,2023-06-30,Battery
RPR-500077,EQ-1058,2024-02-28,Starter Motor
RPR-500078,EQ-1117,2024-01-02,Radiator
RPR-500079,EQ-1048,2023-03-05,Radiator
RPR-500080,EQ-1011,2023-11-10,Battery
RPR-500081,EQ-1001,2023-12-01,Battery
RPR-500082,EQ-1106,2023-09-29,Clutch Plate
RPR-500083,EQ-1126,2023-01-10,Hydraulic Pump
RPR-500084,EQ-1132,2023-07-08,Battery
RPR-500085,EQ-1064,2023-03-06,Battery
RPR-500086,EQ-1065,2023-04-01,Hydraulic Pump
RPR-500087,EQ-1111,2023-05-05,Battery
RPR-500088,EQ-1020,2024-01-23,General Component
RPR-500089,EQ-1139,2024-03-04,Battery
RPR-500090,EQ-1006,2023-08-17,Battery
RPR-500091,EQ-1060,2023-10-05,Alternator
RPR-500092,EQ-1072,2023-01-19,Alternator
RPR-500093,EQ-1098,2023-10-10,Radiator
RPR-500094,EQ-1130,2023-05-02,Clutch Plate
RPR-500095,EQ-1022,2023-07-23,Hydraulic Pump
RPR-500096,EQ-1073,2023-01-24,Fuel Injector
RPR-500097,EQ-1083,2023-02-11,Clutch Plate
RPR-500098,EQ-1115,2023-04-24,General Component
RPR-500099,EQ-1121,2023-05-30,Clutch Plate
RPR-500100,EQ-1033,2023-05-23,Radiator
RPR-500101,EQ-1138,2023-04-09,Hydraulic Pump
RPR-500102,EQ-1020,2024-03-30,Transmission Belt
RPR-500103,EQ-1102,2023-06-08,Fuel Injector
RPR-500104,EQ-1076,2023-12-27,Clutch Plate
RPR-500105,EQ-1104,2023-10-29,Radiator
RPR-500106,EQ-1003,2023-02-22,Clutch Plate
RPR-500107,EQ-1143,2024-05-04,Radiator
RPR-500108,EQ-1107,2023-09-28,Radiator
RPR-500109,EQ-1133,2024-03-27,Clutch Plate
RPR-500110,EQ-1035,2024-04-21,Alternator
RPR-500111,EQ-1077,2023-09-21,Fuel Injector
RPR-500112,EQ-1036,2023-04-25,Alternator
RPR-500113,EQ-1129,2023-11-26,Clutch Plate
RPR-500114,EQ-1084,2023-02-13,Radiator
RPR-500115,EQ-1008,2023-07-12,Radiator
RPR-500116,EQ-1013,2023-01-08,Transmission Belt
RPR-500117,EQ-1099,2023-08-31,Starter Motor
RPR-500118,EQ-1024,2023-10-21,Alternator
RPR-500119,EQ-1008,2024-02-28,Hydraulic Pump
RPR-500120,EQ-1017,2024-01-22,Battery
RPR-500121,EQ-1037,2024-02-29,Transmission Belt
RPR-500122,EQ-1089,2023-07-10,Radiator
RPR-500123,EQ-1029,2024-03-23,Transmission Belt
RPR-500124,EQ-1059,2023-10-25,Starter Motor
RPR-500125,EQ-1002,2024-01-14,Starter Motor
RPR-500126,EQ-1009,2024-05-05,Alternator
RPR-500127,EQ-1044,2023-02-18,Transmission Belt
RPR-500128,EQ-1105,2023-02-04,Hydraulic Pump
RPR-500129,EQ-1144,2023-10-24,Clutch Plate
RPR-500130,EQ-1042,2023-07-05,Starter Motor
RPR-500131,EQ-1015,2023-08-14,Fuel Injector
RPR-500132,EQ-1093,2023-11-15,Radiator
RPR-500133,EQ-1069,2023-08-21,Clutch Plate
RPR-500134,EQ-1025,2024-04-12,Hydraulic Pump
RPR-500135,EQ-1033,2023-01-11,Battery
RPR-500136,EQ-1092,2023-12-25,Transmission Belt
RPR-500137,EQ-1149,2023-10-19,Hydraulic Pump
RPR-500138,EQ-1026,2023-11-12,Transmission Belt
RPR-500139,EQ-1094,2023-11-18,Radiator
RPR-500140,EQ-1113,2023-02-13,Radiator
RPR-500141,EQ-1066,2023-03-03,Fuel Injector
RPR-500142,EQ-1099,2024-02-14,Alternator
RPR-500143,EQ-1078,2024-02-24,Transmission Belt
RPR-500144,EQ-1006,2023-03-05,Starter Motor
RPR-500145,EQ-1134,2023-04-03,Hydraulic Pump
RPR-500146,EQ-1125,2023-08-07,General Component
RPR-500147,EQ-1064,2023-01-05,Battery
RPR-500148,EQ-1060,2024-05-08,Clutch Plate
RPR-500149,EQ-1108,2023-10-09,Starter Motor
RPR-500150,EQ-1095,2023-06-24,Hydraulic Pump
RPR-500151,EQ-1008,2023-01-30,Alternator
RPR-500152,EQ-1017,2023-08-05,Battery
RPR-500153,EQ-1123,2024-04-03,Hydraulic Pump
RPR-500154,EQ-1036,2023-04-28,Alternator
RPR-500155,EQ-1090,2023-01-04,Radiator
RPR-500156,EQ-1008,2024-02-01,Hydraulic Pump
RPR-500157,EQ-1120,2023-01-24,Battery
RPR-500158,EQ-1073,2023-01-22,General Component
RPR-500159,EQ-1143,2023-02-17,Battery
RPR-500160,EQ-1006,2023-04-09,Hydraulic Pump
RPR-500161,EQ-1047,2023-05-10,Fuel Injector
RPR-500162,EQ-1115,2024-05-09,Clutch Plate
RPR-500163,EQ-1107,2023-09-17,Battery
RPR-500164,EQ-1129,2023-03-26,Fuel Injector
RPR-500165,EQ-1065,2023-09-05,Hydraulic Pump
RPR-500166,EQ-1072,2023-08-10,Clutch Plate
RPR-500167,EQ-1149,2023-09-09,Battery
RPR-500168,EQ-1134,2024-02-08,Transmission Belt
RPR-500169,EQ-1086,2024-03-05,Transmission Belt
RPR-500170,EQ-1096,2023-09-05,Alternator
RPR-500171,EQ-1059,2023-07-18,Hydraulic Pump
RPR-500172,EQ-1086,2024-05-04,Fuel Injector
RPR-500173,EQ-1020,2023-11-01,Battery
RPR-500174,EQ-1035,2024-04-11,Starter Motor
RPR-500175,EQ-1122,2024-02-04,Transmission Belt
RPR-500176,EQ-1035,2023-10-12,Alternator
RPR-500177,EQ-1137,2023-12-29,Hydraulic Pump
RPR-500178,EQ-1048,2023-02-10,Starter Motor
RPR-500179,EQ-1145,2023-11-09,Hydraulic Pump
RPR-500180,EQ-1035,2023-05-04,Clutch Plate
RPR-500181,EQ-1088,2024-03-17,Clutch Plate
RPR-500182,EQ-1026,2023-08-18,Radiator
RPR-500183,EQ-1149,2023-07-13,Battery
RPR-500184,EQ-1138,2023-06-08,Starter Motor
RPR-500185,EQ-1026,2024-01-15,Starter Motor
RPR-500186,EQ-1026,2023-06-05,Fuel Injector
RPR-500187,EQ-1095,2023-02-16,Battery
RPR-500188,EQ-1029,2023-11-29,Alternator
RPR-500189,EQ-1068,2024-01-30,Hydraulic Pump
RPR-500190,EQ-1147,2023-05-09,Alternator
RPR-500191,EQ-1049,2024-03-05,Fuel Injector
RPR-500192,EQ-1051,2023-07-12,Fuel Injector
RPR-500193,EQ-1074,2023-11-26,Radiator
RPR-500194,EQ-1136,2024-01-13,Starter Motor
RPR-500195,EQ-1019,2023-11-28,Clutch Plate
RPR-500196,EQ-1048,2023-10-30,Starter Motor
RPR-500197,EQ-1057,2023-12-25,Hydraulic Pump
RPR-500198,EQ-1053,2023-05-12,Hydraulic Pump
RPR-500199,EQ-1097,2023-01-06,Battery
RPR-500200,EQ-1042,2023-10-26,Starter Motor
RPR-500201,EQ-1008,2023-11-06,Transmission Belt
RPR-500202,EQ-1019,2024-01-26,Starter Motor
RPR-500203,EQ-1080,2023-07-06,Alternator
RPR-500204,EQ-1103,2023-05-01,Transmission Belt
RPR-500205,EQ-1085,2023-09-12,Hydraulic Pump
RPR-500206,EQ-1063,2023-07-30,Radiator
RPR-500207,EQ-1057,2024-04-11,Radiator
RPR-500208,EQ-1084,2023-08-25,Battery
RPR-500209,EQ-1105,2023-12-20,Hydraulic Pump
RPR-500210,EQ-1074,2023-10-28,Clutch Plate
RPR-500211,EQ-1014,2023-05-14,Battery
RPR-500212,EQ-1027,2023-09-02,Alternator
RPR-500213,EQ-1125,2024-03-23,Radiator
RPR-500214,EQ-1125,2023-02-25,Clutch Plate
RPR-500215,EQ-1099,2023-05-04,Transmission Belt
RPR-500216,EQ-1107,2023-10-16,Battery
RPR-500217,EQ-1111,2023-11-26,Hydraulic Pump
RPR-500218,EQ-1046,2023-02-28,Starter Motor
RPR-500219,EQ-1065,2023-08-02,Fuel Injector
RPR-500220,EQ-1082,2023-02-22,Hydraulic Pump
RPR-500221,EQ-1034,2024-01-08,Fuel Injector
RPR-500222,EQ-1072,2024-02-21,Hydraulic Pump
RPR-500223,EQ-1019,2023-10-22,Fuel Injector
RPR-500224,EQ-1052,2023-11-01,Transmission Belt
RPR-500225,EQ-1148,2023-01-20,Clutch Plate
RPR-500226,EQ-1133,2023-11-28,Fuel Injector
RPR-500227,EQ-1001,2023-01-04,Radiator
RPR-500228,EQ-1098,2023-04-24,Hydraulic Pump
RPR-500229,EQ-1141,2023-08-02,Clutch Plate
RPR-500230,EQ-1081,2023-10-25,Battery
RPR-500231,EQ-1022,2024-04-02,Hydraulic Pump
RPR-500232,EQ-1068,2024-01-09,Transmission Belt
RPR-500233,EQ-1140,2023-10-11,Alternator
RPR-500234,EQ-1016,2023-03-29,Fuel Injector
RPR-500235,EQ-1003,2023-10-11,Starter Motor
RPR-500236,EQ-1055,2024-01-08,Fuel Injector
RPR-500237,EQ-1097,2023-06-23,Clutch Plate
RPR-500238,EQ-1103,2023-10-28,Radiator
RPR-500239,EQ-1046,2023-01-17,Clutch Plate
RPR-500240,EQ-1141,2024-02-29,Alternator
RPR-500241,EQ-1115,2023-11-30,Transmission Belt
RPR-500242,EQ-1077,2023-05-28,Clutch Plate
RPR-500243,EQ-1097,2023-08-19,General Component
RPR-500244,EQ-1106,2024-02-01,Clutch Plate
RPR-500245,EQ-1139,2023-06-05,Hydraulic Pump
RPR-500246,EQ-1103,2024-02-12,Radiator
RPR-500247,EQ-1016,2024-03-30,Hydraulic Pump
RPR-500248,EQ-1097,2023-09-27,Battery
RPR-500249,EQ-1004,2023-06-27,Starter Motor
RPR-500250,EQ-1056,2023-11-26,Clutch Plate
RPR-500251,EQ-1003,2023-04-21,Hydraulic Pump
RPR-500252,EQ-1129,2023-11-16,Radiator
RPR-500253,EQ-1148,2024-01-14,Transmission Belt
RPR-500254,EQ-1002,2023-11-03,Clutch Plate
RPR-500255,EQ-1065,2023-03-22,Radiator
RPR-500256,EQ-1050,2023-12-21,Alternator
RPR-500257,EQ-1053,2023-12-11,Transmission Belt
RPR-500258,EQ-1120,2023-05-21,Starter Motor
RPR-500259,EQ-1073,2024-03-10,Clutch Plate
RPR-500260,EQ-1048,2023-05-17,Transmission Belt
RPR-500261,EQ-1031,2023-01-29,Starter Motor
RPR-500262,EQ-1074,2023-10-19,Transmission Belt
RPR-500263,EQ-1037,2024-01-12,Starter Motor
RPR-500264,EQ-1048,2023-12-23,Starter Motor
RPR-500265,EQ-1041,2023-10-04,Radiator
RPR-500266,EQ-1100,2023-07-29,Battery
RPR-500267,EQ-1075,2023-11-06,Alternator
RPR-500268,EQ-1091,2023-02-25,Starter Motor
RPR-500269,EQ-1065,2023-04-05,Transmission Belt
RPR-500270,EQ-1018,2023-12-25,Starter Motor
RPR-500271,EQ-1040,2024-02-19,Clutch Plate
RPR-500272,EQ-1132,2023-08-22,Transmission Belt
RPR-500273,EQ-1102,2023-08-11,Clutch Plate
RPR-500274,EQ-1037,2023-05-16,Clutch Plate
RPR-500275,EQ-1057,2023-01-17,Battery
RPR-500276,EQ-1141,2024-03-12,Starter Motor
RPR-500277,EQ-1052,2023-01-13,Transmission Belt
RPR-500278,EQ-1001,2023-01-27,Fuel Injector
RPR-500279,EQ-1096,2023-06-28,Battery
RPR-500280,EQ-1120,2023-04-13,Alternator
RPR-500281,EQ-1105,2023-09-16,Starter Motor
RPR-500282,EQ-1098,2023-02-06,Alternator
RPR-500283,EQ-1131,2024-05-11,Radiator
RPR-500284,EQ-1069,2023-02-26,Clutch Plate
RPR-500285,EQ-1059,2023-11-29,Transmission Belt
RPR-500286,EQ-1043,2024-04-09,Battery
RPR-500287,EQ-1005,2024-01-03,Starter Motor
RPR-500288,EQ-1122,2023-06-11,Starter Motor
RPR-500289,EQ-1136,2023-09-07,Clutch Plate
RPR-500290,EQ-1069,2024-02-06,Battery
RPR-500291,EQ-1061,2024-05-13,Clutch Plate
RPR-500292,EQ-1058,2023-06-29,Battery
RPR-500293,EQ-1039,2024-04-25,Transmission Belt
RPR-500294,EQ-1104,2023-06-24,Fuel Injector
RPR-500295,EQ-1084,2024-01-01,Battery
RPR-500296,EQ-1082,2023-07-02,Transmission Belt
RPR-500297,EQ-1013,2023-02-10,Battery
RPR-500298,EQ-1148,2024-02-16,Battery
RPR-500299,EQ-1109,2023-11-19,Hydraulic Pump
RPR-500300,EQ-1082,2023-07-29,Fuel Injector
RPR-500301,EQ-1004,2023-11-21,Clutch Plate
RPR-500302,EQ-1146,2023-03-12,Starter Motor
RPR-500303,EQ-1117,2023-08-28,Battery
RPR-500304,EQ-1097,2024-03-09,Transmission Belt
RPR-500305,EQ-1004,2023-03-29,Hydraulic Pump
RPR-500306,EQ-1061,2023-08-27,Battery
RPR-500307,EQ-1084,2023-02-06,Clutch Plate
RPR-500308,EQ-1080,2023-10-15,Alternator
RPR-500309,EQ-1095,2024-04-13,Radiator
RPR-500310,EQ-1012,2023-04-03,Hydraulic Pump
RPR-500311,EQ-1030,2023-11-05,Transmission Belt
RPR-500312,EQ-1102,2023-05-27,Battery
RPR-500313,EQ-1112,2023-08-23,Radiator
RPR-500314,EQ-1065,2024-03-07,Starter Motor
RPR-500315,EQ-1073,2024-02-21,Transmission Belt
RPR-500316,EQ-1089,2023-01-20,Alternator
RPR-500317,EQ-1123,2024-03-19,Alternator
RPR-500318,EQ-1027,2023-11-08,Battery
RPR-500319,EQ-1122,2024-01-01,Starter Motor
RPR-500320,EQ-1021,2024-02-08,Transmission Belt
RPR-500321,EQ-1100,2024-03-07,Radiator
RPR-500322,EQ-1114,2023-11-05,Transmission Belt
RPR-500323,EQ-1032,2023-10-12,Alternator
RPR-500324,EQ-1118,2024-05-06,Hydraulic Pump
RPR-500325,EQ-1120,2023-09-26,Clutch Plate
RPR-500326,EQ-1044,2023-08-30,Battery
RPR-500327,EQ-1147,2023-01-01,Transmission Belt
RPR-500328,EQ-1006,2023-06-09,Alternator
RPR-500329,EQ-1113,2024-02-17,Hydraulic Pump
RPR-500330,EQ-1106,2024-01-14,Hydraulic Pump
RPR-500331,EQ-1099,2023-02-08,Transmission Belt
RPR-500332,EQ-1026,2023-09-15,Hydraulic Pump
RPR-500333,EQ-1024,2023-01-12,Fuel Injector
RPR-500334,EQ-1089,2023-06-28,Starter Motor
RPR-500335,EQ-1131,2023-05-12,Hydraulic Pump
RPR-500336,EQ-1036,2023-08-15,Hydraulic Pump
RPR-500337,EQ-1000,2023-07-09,Fuel Injector
RPR-500338,EQ-1128,2023-12-24,Radiator
RPR-500339,EQ-1139,2023-08-17,Starter Motor
RPR-500340,EQ-1139,2023-11-30,Radiator
RPR-500341,EQ-1027,2023-06-27,Battery
RPR-500342,EQ-1121,2023-10-31,Transmission Belt
RPR-500343,EQ-1129,2023-08-11,Starter Motor
RPR-500344,EQ-1104,2023-03-06,Battery
RPR-500345,EQ-1115,2023-03-26,Fuel Injector
RPR-500346,EQ-1050,2023-06-06,Hydraulic Pump
RPR-500347,EQ-1119,2023-09-19,Starter Motor
RPR-500348,EQ-1122,2023-02-13,Alternator
RPR-500349,EQ-1015,2023-04-16,Battery
RPR-500350,EQ-1066,2023-02-26,Radiator
RPR-500351,EQ-1115,2023-05-19,Starter Motor
RPR-500352,EQ-1144,2023-10-20,Battery
RPR-500353,EQ-1131,2023-05-09,Battery
RPR-500354,EQ-1063,2023-10-13,Battery
RPR-500355,EQ-1139,2023-08-16,Battery
RPR-500356,EQ-1136,2023-06-29,Hydraulic Pump
RPR-500357,EQ-1057,2023-02-13,Starter Motor
RPR-500358,EQ-1054,2023-02-10,Alternator
RPR-500359,EQ-1137,2023-02-14,Transmission Belt
RPR-500360,EQ-1071,2024-03-04,Battery
RPR-500361,EQ-1024,2024-01-14,Hydraulic Pump
RPR-500362,EQ-1083,2023-12-22,Battery
RPR-500363,EQ-1054,2023-11-06,Radiator
RPR-500364,EQ-1087,2023-02-13,Clutch Plate
RPR-500365,EQ-1132,2023-10-16,Fuel Injector
RPR-500366,EQ-1001,2023-09-14,Hydraulic Pump
RPR-500367,EQ-1127,2023-11-15,Hydraulic Pump
RPR-500368,EQ-1030,2024-03-11,Clutch Plate
RPR-500369,EQ-1130,2023-08-17,Radiator
RPR-500370,EQ-1135,2024-01-15,Fuel Injector
RPR-500371,EQ-1013,2024-03-08,Battery
RPR-500372,EQ-1120,2024-03-17,Battery
RPR-500373,EQ-1125,2023-03-01,Hydraulic Pump
RPR-500374,EQ-1054,2023-12-29,Starter Motor
RPR-500375,EQ-1099,2023-09-29,Starter Motor
RPR-500376,EQ-1045,2024-02-08,Starter Motor
RPR-500377,EQ-1032,2023-06-08,Fuel Injector
RPR-500378,EQ-1111,2024-01-15,Clutch Plate
RPR-500379,EQ-1032,2023-04-14,Clutch Plate
RPR-500380,EQ-1106,2023-05-04,Hydraulic Pump
RPR-500381,EQ-1004,2023-12-06,Starter Motor
RPR-500382,EQ-1048,2023-04-14,Battery
RPR-500383,EQ-1019,2024-02-05,Transmission Belt
RPR-500384,EQ-1136,2023-06-20,Starter Motor
RPR-500385,EQ-1019,2023-10-22,Fuel Injector
RPR-500386,EQ-1089,2024-05-10,Starter Motor
RPR-500387,EQ-1115,2024-01-30,Hydraulic Pump
RPR-500388,EQ-1131,2023-08-27,Fuel Injector
RPR-500389,EQ-1074,2023-06-10,Starter Motor
RPR-500390,EQ-1131,2023-05-16,Starter Motor
RPR-500391,EQ-1074,2023-03-02,Fuel Injector
RPR-500392,EQ-1031,2024-02-19,Fuel Injector
RPR-500393,EQ-1066,2023-07-28,Alternator
RPR-500394,EQ-1144,2023-09-09,Fuel Injector
RPR-500395,EQ-1113,2024-02-04,Hydraulic Pump
RPR-500396,EQ-1033,2023-05-24,Hydraulic Pump
RPR-500397,EQ-1015,2024-03-05,Hydraulic Pump
RPR-500398,EQ-1012,2024-05-07,Fuel Injector
RPR-500399,EQ-1055,2023-04-23,Alternator
RPR-500400,EQ-1114,2024-04-08,Radiator
RPR-500401,EQ-1065,2023-06-23,Battery
RPR-500402,EQ-1105,2024-04-18,Alternator
RPR-500403,EQ-1077,2023-03-18,Fuel Injector
RPR-500404,EQ-1125,2023-08-12,Starter Motor
RPR-500405,EQ-1130,2023-10-05,Hydraulic Pump
RPR-500406,EQ-1057,2023-01-19,Battery
RPR-500407,EQ-1107,2023-09-05,Fuel Injector
RPR-500408,EQ-1124,2023-09-30,Radiator
RPR-500409,EQ-1057,2023-04-13,Battery
RPR-500410,EQ-1067,2024-03-03,Radiator
RPR-500411,EQ-1139,2023-03-19,Clutch Plate
RPR-500412,EQ-1066,2023-10-09,Hydraulic Pump
RPR-500413,EQ-1106,2023-07-23,Starter Motor
RPR-500414,EQ-1024,2023-01-14,Alternator
RPR-500415,EQ-1110,2023-09-16,Alternator
RPR-500416,EQ-1032,2023-06-09,Clutch Plate
RPR-500417,EQ-1015,2023-10-28,Alternator
RPR-500418,EQ-1027,2024-03-31,Clutch Plate
RPR-500419,EQ-1096,2023-05-02,Clutch Plate
RPR-500420,EQ-1037,2023-07-11,Clutch Plate
RPR-500421,EQ-1130,2023-03-08,Alternator
RPR-500422,EQ-1073,2023-01-31,Fuel Injector
RPR-500423,EQ-1128,2023-02-28,Radiator
RPR-500424,EQ-1012,2023-11-02,Fuel Injector
RPR-500425,EQ-1022,2023-04-27,Alternator
RPR-500426,EQ-1085,2024-05-06,Transmission Belt
RPR-500427,EQ-1098,2023-05-04,Radiator
RPR-500428,EQ-1128,2023-11-06,Clutch Plate
RPR-500429,EQ-1147,2024-04-07,Clutch Plate
RPR-500430,EQ-1120,2023-01-02,Starter Motor
RPR-500431,EQ-1042,2023-08-30,Clutch Plate
RPR-500432,EQ-1054,2024-02-17,Starter Motor
RPR-500433,EQ-1067,2024-01-06,Starter Motor
RPR-500434,EQ-1054,2024-03-07,Hydraulic Pump
RPR-500435,EQ-1064,2023-11-04,Battery
RPR-500436,EQ-1072,2023-12-05,General Component
RPR-500437,EQ-1020,2023-01-09,Alternator
RPR-500438,EQ-1149,2023-01-14,Alternator
RPR-500439,EQ-1021,2023-01-15,Battery
RPR-500440,EQ-1062,2024-04-20,Transmission Belt
RPR-500441,EQ-1034,2023-01-03,Transmission Belt
RPR-500442,EQ-1050,2023-04-05,Alternator
RPR-500443,EQ-1026,2023-04-01,Alternator
RPR-500444,EQ-1143,2023-06-28,Transmission Belt
RPR-500445,EQ-1033,2024-02-04,Hydraulic Pump
RPR-500446,EQ-1055,2023-06-21,Fuel Injector
RPR-500447,EQ-1062,2023-09-23,Clutch Plate
RPR-500448,EQ-1081,2023-12-12,Starter Motor
RPR-500449,EQ-1143,2024-02-21,Battery
RPR-500450,EQ-1051,2024-01-09,Fuel Injector
RPR-500451,EQ-1090,2023-10-23,Battery
RPR-500452,EQ-1000,2023-01-30,Transmission Belt
RPR-500453,EQ-1071,2023-12-07,Fuel Injector
RPR-500454,EQ-1091,2024-05-11,Radiator
RPR-500455,EQ-1024,2023-11-26,Starter Motor
RPR-500456,EQ-1107,2023-07-03,Fuel Injector
RPR-500457,EQ-1051,2023-06-12,Hydraulic Pump
RPR-500458,EQ-1148,2023-02-22,Transmission Belt
RPR-500459,EQ-1144,2023-03-12,Transmission Belt
RPR-500460,EQ-1103,2024-03-02,Hydraulic Pump
RPR-500461,EQ-1089,2023-03-10,Transmission Belt
RPR-500462,EQ-1024,2023-12-02,Starter Motor
RPR-500463,EQ-1070,2023-01-01,Alternator
RPR-500464,EQ-1108,2023-11-24,Battery
RPR-500465,EQ-1068,2023-03-10,Clutch Plate
RPR-500466,EQ-1076,2024-04-07,Starter Motor
RPR-500467,EQ-1021,2023-10-27,Alternator
RPR-500468,EQ-1076,2023-08-21,Alternator
RPR-500469,EQ-1042,2023-03-02,Fuel Injector
RPR-500470,EQ-1035,2023-06-27,Transmission Belt
RPR-500471,EQ-1127,2023-07-27,Alternator
RPR-500472,EQ-1033,2024-03-22,Battery
RPR-500473,EQ-1095,2024-02-02,Fuel Injector
RPR-500474,EQ-1098,2024-04-20,Alternator
RPR-500475,EQ-1021,2023-02-28,Fuel Injector
RPR-500476,EQ-1118,2024-04-28,Alternator
RPR-500477,EQ-1128,2024-02-26,Radiator
RPR-500478,EQ-1133,2023-01-25,Fuel Injector
RPR-500479,EQ-1086,2024-01-18,Radiator
RPR-500480,EQ-1116,2023-06-02,Hydraulic Pump
RPR-500481,EQ-1032,2024-03-06,Radiator
RPR-500482,EQ-1063,2023-09-30,Fuel Injector
RPR-500483,EQ-1061,2024-02-29,Hydraulic Pump
RPR-500484,EQ-1020,2023-06-30,Alternator
RPR-500485,EQ-1121,2024-01-16,Transmission Belt
RPR-500486,EQ-1092,2023-03-26,Alternator
RPR-500487,EQ-1056,2023-05-29,Fuel Injector
RPR-500488,EQ-1054,2023-03-29,Hydraulic Pump
RPR-500489,EQ-1064,2023-09-04,Hydraulic Pump
RPR-500490,EQ-1126,2024-03-21,Fuel Injector
RPR-500491,EQ-1145,2023-07-15,Hydraulic Pump
RPR-500492,EQ-1004,2024-04-08,Hydraulic Pump
RPR-500493,EQ-1010,2023-08-23,Alternator
RPR-500494,EQ-1060,2023-09-09,Clutch Plate
RPR-500495,EQ-1088,2023-08-07,Alternator
RPR-500496,EQ-1055,2023-11-30,Transmission Belt
RPR-500497,EQ-1019,2023-08-12,Radiator
RPR-500498,EQ-1057,2023-01-18,Hydraulic Pump
RPR-500499,EQ-1032,2023-01-15,Battery
RPR-500500,EQ-1060,2023-03-29,Starter Motor
RPR-500501,EQ-1059,2023-10-28,Radiator
RPR-500502,EQ-1131,2023-05-06,Battery
RPR-500503,EQ-1076,2023-12-20,Radiator
RPR-500504,EQ-1031,2023-03-06,Fuel Injector
RPR-500505,EQ-1007,2023-06-22,Fuel Injector
RPR-500506,EQ-1042,2023-09-26,Fuel Injector
RPR-500507,EQ-1016,2023-09-03,Fuel Injector
RPR-500508,EQ-1110,2024-01-16,Fuel Injector
RPR-500509,EQ-1053,2023-06-12,Radiator
RPR-500510,EQ-1101,2023-10-09,Clutch Plate
RPR-500511,EQ-1087,2023-09-01,Clutch Plate
RPR-500512,EQ-1142,2023-09-13,Transmission Belt
RPR-500513,EQ-1097,2023-07-13,Battery
RPR-500514,EQ-1096,2024-01-23,Battery
RPR-500515,EQ-1141,2024-01-08,Transmission Belt
RPR-500516,EQ-1123,2023-07-09,Battery
RPR-500517,EQ-1053,2023-10-02,Alternator
RPR-500518,EQ-1057,2023-04-10,Radiator
RPR-500519,EQ-1019,2024-01-30,Transmission Belt
RPR-500520,EQ-1018,2023-08-28,Clutch Plate
RPR-500521,EQ-1137,2024-03-02,General Component
RPR-500522,EQ-1070,2023-11-07,Clutch Plate
RPR-500523,EQ-1106,2023-12-08,Fuel Injector
RPR-500524,EQ-1080,2023-08-07,Fuel Injector
RPR-500525,EQ-1140,2023-01-13,Clutch Plate
RPR-500526,EQ-1095,2023-09-04,Hydraulic Pump
RPR-500527,EQ-1123,2023-10-30,Battery
RPR-500528,EQ-1049,2023-03-18,Clutch Plate
RPR-500529,EQ-1029,2024-04-19,Battery
RPR-500530,EQ-1116,2023-06-08,Transmission Belt
RPR-500531,EQ-1038,2024-05-15,Clutch Plate
RPR-500532,EQ-1102,2024-03-25,Hydraulic Pump
RPR-500533,EQ-1010,2023-05-09,Radiator
RPR-500534,EQ-1103,2023-03-06,Radiator
RPR-500535,EQ-1023,2023-08-07,Starter Motor
RPR-500536,EQ-1069,2023-10-23,Clutch Plate
RPR-500537,EQ-1140,2023-04-28,Transmission Belt
RPR-500538,EQ-1067,2024-03-26,Hydraulic Pump
RPR-500539,EQ-1131,2023-03-12,Hydraulic Pump
RPR-500540,EQ-1027,2023-10-07,Radiator
RPR-500541,EQ-1132,2024-04-06,Battery
RPR-500542,EQ-1026,2024-03-11,Battery
RPR-500543,EQ-1063,2023-05-10,Radiator
RPR-500544,EQ-1005,2023-07-28,Alternator
RPR-500545,EQ-1079,2023-08-29,Alternator
RPR-500546,EQ-1036,2023-03-26,Starter Motor
RPR-500547,EQ-1136,2024-02-14,Transmission Belt
RPR-500548,EQ-1148,2024-05-09,Starter Motor
RPR-500549,EQ-1146,2023-03-31,Fuel Injector
RPR-500550,EQ-1149,2023-10-04,Transmission Belt
RPR-500551,EQ-1131,2023-06-30,Clutch Plate
RPR-500552,EQ-1057,2023-03-24,Starter Motor
RPR-500553,EQ-1121,2023-01-17,Transmission Belt
RPR-500554,EQ-1053,2024-04-15,Hydraulic Pump
RPR-500555,EQ-1097,2023-03-15,Starter Motor
RPR-500556,EQ-1109,2023-07-28,Transmission Belt
RPR-500557,EQ-1086,2024-03-21,Fuel Injector
RPR-500558,EQ-1068,2024-01-24,Starter Motor
RPR-500559,EQ-1091,2024-04-21,Radiator
RPR-500560,EQ-1083,2023-02-09,Clutch Plate
RPR-500561,EQ-1145,2023-10-13,Clutch Plate
RPR-500562,EQ-1089,2023-05-09,Battery
RPR-500563,EQ-1034,2023-04-20,Hydraulic Pump
RPR-500564,EQ-1116,2023-10-19,Transmission Belt
RPR-500565,EQ-1026,2024-02-29,Battery
RPR-500566,EQ-1065,2023-04-08,Starter Motor
RPR-500567,EQ-1019,2023-07-28,Transmission Belt
RPR-500568,EQ-1037,2023-11-04,Alternator
RPR-500569,EQ-1127,2024-04-18,Alternator
RPR-500570,EQ-1146,2023-05-12,Clutch Plate
RPR-500571,EQ-1073,2023-08-11,Starter Motor
RPR-500572,EQ-1044,2023-08-09,Alternator
RPR-500573,EQ-1068,2023-06-07,Radiator
RPR-500574,EQ-1025,2024-01-13,Starter Motor
RPR-500575,EQ-1041,2023-04-21,Battery
RPR-500576,EQ-1017,2023-12-16,Battery
RPR-500577,EQ-1072,2023-05-21,Clutch Plate
RPR-500578,EQ-1092,2023-02-17,Fuel Injector
RPR-500579,EQ-1120,2023-03-10,Alternator
RPR-500580,EQ-1059,2023-09-17,Alternator
RPR-500581,EQ-1085,2023-07-29,Radiator
RPR-500582,EQ-1110,2023-07-14,Fuel Injector
RPR-500583,EQ-1123,2023-12-28,Alternator
RPR-500584,EQ-1135,2023-08-30,Alternator
RPR-500585,EQ-1080,2024-04-12,Fuel Injector
RPR-500586,EQ-1122,2024-04-10,Clutch Plate
RPR-500587,EQ-1145,2023-11-23,Hydraulic Pump
RPR-500588,EQ-1089,2024-05-13,Transmission Belt
RPR-500589,EQ-1128,2024-01-29,Radiator
RPR-500590,EQ-1125,2023-08-07,Alternator
RPR-500591,EQ-1123,2023-04-26,Alternator
RPR-500592,EQ-1067,2023-10-09,Fuel Injector
RPR-500593,EQ-1081,2023-12-08,Alternator
RPR-500594,EQ-1046,2023-02-27,Battery
RPR-500595,EQ-1147,2024-04-20,Starter Motor
RPR-500596,EQ-1092,2023-12-07,Fuel Injector
RPR-500597,EQ-1103,2024-04-10,Fuel Injector
RPR-500598,EQ-1043,2024-02-26,Clutch Plate
RPR-500599,EQ-1055,2023-08-29,Alternator
RPR-500600,EQ-1074,2023-01-28,Hydraulic Pump
RPR-500601,EQ-1068,2023-11-18,Alternator
RPR-500602,EQ-1041,2023-10-26,Radiator
RPR-500603,EQ-1116,2023-01-11,Fuel Injector
RPR-500604,EQ-1022,2023-10-28,Battery
RPR-500605,EQ-1079,2023-11-12,Alternator
RPR-500606,EQ-1141,2024-01-22,Alternator
RPR-500607,EQ-1022,2023-08-21,Radiator
RPR-500608,EQ-1067,2023-07-03,Battery
RPR-500609,EQ-1123,2023-04-21,Alternator
RPR-500610,EQ-1024,2023-02-24,Battery
RPR-500611,EQ-1017,2023-09-24,Transmission Belt
RPR-500612,EQ-1015,2023-02-07,General Component
RPR-500613,EQ-1047,2023-08-28,Alternator
RPR-500614,EQ-1034,2024-05-07,Transmission Belt
RPR-500615,EQ-1148,2024-02-05,Battery
RPR-500616,EQ-1125,2023-06-26,Transmission Belt
RPR-500617,EQ-1093,2023-01-15,Radiator
RPR-500618,EQ-1103,2024-02-28,Alternator
RPR-500619,EQ-1032,2023-05-10,Radiator
RPR-500620,EQ-1020,2023-02-09,Fuel Injector
RPR-500621,EQ-1109,2024-01-01,Transmission Belt
RPR-500622,EQ-1101,2023-09-13,Hydraulic Pump
RPR-500623,EQ-1078,2023-07-27,Hydraulic Pump
RPR-500624,EQ-1025,2023-08-21,Battery
RPR-500625,EQ-1146,2023-07-13,Hydraulic Pump
RPR-500626,EQ-1028,2023-01-16,Fuel Injector
RPR-500627,EQ-1116,2024-03-21,Clutch Plate
RPR-500628,EQ-1039,2023-08-23,Battery
RPR-500629,EQ-1123,2023-06-03,Transmission Belt
RPR-500630,EQ-1069,2024-01-29,Radiator
RPR-500631,EQ-1116,2023-05-10,Alternator
RPR-500632,EQ-1067,2023-04-08,Starter Motor
RPR-500633,EQ-1061,2023-10-27,General Component
RPR-500634,EQ-1003,2024-04-17,Fuel Injector
RPR-500635,EQ-1106,2023-12-22,Hydraulic Pump
RPR-500636,EQ-1014,2024-05-07,Fuel Injector
RPR-500637,EQ-1085,2024-02-05,Battery
RPR-500638,EQ-1148,2023-12-28,Starter Motor
RPR-500639,EQ-1028,2023-01-02,Alternator
RPR-500640,EQ-1061,2024-03-28,Clutch Plate
RPR-500641,EQ-1082,2023-03-02,Alternator
RPR-500642,EQ-1084,2023-12-30,Clutch Plate
RPR-500643,EQ-1116,2024-03-09,Transmission Belt
RPR-500644,EQ-1143,2023-11-05,Alternator
RPR-500645,EQ-1028,2023-06-07,Alternator
RPR-500646,EQ-1040,2023-09-23,Alternator
RPR-500647,EQ-1071,2023-03-31,Fuel Injector
RPR-500648,EQ-1025,2023-11-27,Radiator
RPR-500649,EQ-1109,2024-04-29,Clutch Plate
RPR-500650,EQ-1146,2024-04-18,Clutch Plate
RPR-500651,EQ-1145,2023-10-28,Starter Motor
RPR-500652,EQ-1130,2023-10-01,Clutch Plate
RPR-500653,EQ-1143,2023-10-06,Alternator
RPR-500654,EQ-1139,2023-03-02,Battery
RPR-500655,EQ-1098,2023-08-21,Alternator
RPR-500656,EQ-1112,2023-02-27,Clutch Plate
RPR-500657,EQ-1006,2023-12-07,Hydraulic Pump
RPR-500658,EQ-1079,2023-08-05,Clutch Plate
RPR-500659,EQ-1138,2023-01-29,Transmission Belt
RPR-500660,EQ-1093,2023-11-23,Hydraulic Pump
RPR-500661,EQ-1111,2023-04-16,Alternator
RPR-500662,EQ-1139,2023-03-26,Hydraulic Pump
RPR-500663,EQ-1018,2023-09-28,Radiator
RPR-500664,EQ-1053,2023-09-30,Hydraulic Pump
RPR-500665,EQ-1023,2024-01-01,Fuel Injector
RPR-500666,EQ-1135,2023-12-06,Transmission Belt
RPR-500667,EQ-1052,2024-03-18,General Component
RPR-500668,EQ-1097,2023-07-27,Clutch Plate
RPR-500669,EQ-1127,2023-06-23,Radiator
RPR-500670,EQ-1033,2023-04-13,Hydraulic Pump
RPR-500671,EQ-1078,2023-11-12,Transmission Belt
RPR-500672,EQ-1103,2024-04-01,Alternator
RPR-500673,EQ-1033,2023-07-07,Battery
RPR-500674,EQ-1001,2024-01-25,Alternator
RPR-500675,EQ-1053,2024-03-17,Starter Motor
RPR-500676,EQ-1149,2023-11-17,Clutch Plate
RPR-500677,EQ-1014,2024-04-29,Radiator
RPR-500678,EQ-1090,2023-03-27,Alternator
RPR-500679,EQ-1064,2023-11-19,Battery
RPR-500680,EQ-1118,2024-04-15,Radiator
RPR-500681,EQ-1040,2023-03-14,General Component
RPR-500682,EQ-1129,2023-06-26,Alternator
RPR-500683,EQ-1125,2023-08-29,Clutch Plate
RPR-500684,EQ-1030,2023-04-29,General Component
RPR-500685,EQ-1061,2023-12-12,Fuel Injector
RPR-500686,EQ-1038,2024-02-23,Alternator
RPR-500687,EQ-1144,2024-02-18,Radiator
RPR-500688,EQ-1015,2024-02-03,Alternator
RPR-500689,EQ-1111,2024-03-06,Hydraulic Pump
RPR-500690,EQ-1073,2024-02-16,Fuel Injector
RPR-500691,EQ-1082,2023-06-18,Battery
RPR-500692,EQ-1109,2024-04-21,Clutch Plate
RPR-500693,EQ-1072,2023-01-24,Starter Motor
RPR-500694,EQ-1029,2023-05-04,Starter Motor
RPR-500695,EQ-1006,2023-06-21,Hydraulic Pump
RPR-500696,EQ-1030,2024-02-04,Fuel Injector
RPR-500697,EQ-1042,2024-03-17,Alternator
RPR-500698,EQ-1059,2023-06-13,Battery
RPR-500699,EQ-1042,2023-11-20,Fuel Injector
RPR-500700,EQ-1047,2024-01-13,Battery
